evento,stato,ticker,mondo,tag,giorno0,car,soglia,rumore,beta,sigma,materiale,settore,tipo,bench
AAPL|2026-08-04,waiting,AAPL,General,,2026-08-04,,,,,,,Information Technology,stock,S&P 500
AMAT|2026-08-04,waiting,AMAT,General,,2026-08-04,,,,,,,Information Technology,stock,S&P 500
AMD|2026-08-04,waiting,AMD,General,,2026-08-04,,,,,,,Information Technology,stock,S&P 500
AMZN|2026-08-04,waiting,AMZN,General,,2026-08-04,,,,,,,Consumer Discretionary,stock,S&P 500
AXP|2026-08-04,waiting,AXP,General,,2026-08-04,,,,,,,Financials,stock,S&P 500
BA|2026-08-04,waiting,BA,ESG,E,2026-08-04,,,,,,True,Industrials,stock,S&P 500
CAT|2026-08-04,waiting,CAT,General,,2026-08-04,,,,,,,Industrials,stock,S&P 500
CSCO|2026-08-04,waiting,CSCO,General,,2026-08-04,,,,,,,Information Technology,stock,S&P 500
CVX|2026-08-04,waiting,CVX,General,,2026-08-04,,,,,,,Energy,stock,S&P 500
C|2026-08-04,waiting,C,General,,2026-08-04,,,,,,,Financials,stock,S&P 500
GS|2026-08-04,waiting,GS,General,,2026-08-04,,,,,,,Financials,stock,S&P 500
INTC|2026-08-04,waiting,INTC,General,,2026-08-04,,,,,,,Information Technology,stock,S&P 500
JPM|2026-08-04,waiting,JPM,General,,2026-08-04,,,,,,,Financials,stock,S&P 500
MA|2026-08-04,waiting,MA,General,,2026-08-04,,,,,,,Financials,stock,S&P 500
META|2026-08-04,waiting,META,General,,2026-08-04,,,,,,,Communication Services,stock,S&P 500
MSFT|2026-08-04,waiting,MSFT,ESG,S,2026-08-04,,,,,,True,Information Technology,stock,S&P 500
MS|2026-08-04,waiting,MS,General,,2026-08-04,,,,,,,Financials,stock,S&P 500
MU|2026-08-04,waiting,MU,General,,2026-08-04,,,,,,,Information Technology,stock,S&P 500
NFLX|2026-08-04,waiting,NFLX,ESG,E,2026-08-04,,,,,,False,Communication Services,stock,S&P 500
NVDA|2026-08-04,waiting,NVDA,General,,2026-08-04,,,,,,,Information Technology,stock,S&P 500
SLB|2026-08-04,waiting,SLB,General,,2026-08-04,,,,,,,Energy,stock,S&P 500
SO|2026-08-04,waiting,SO,ESG,E,2026-08-04,,,,,,True,Utilities,stock,S&P 500
TMUS|2026-08-04,waiting,TMUS,ESG,G,2026-08-04,,,,,,True,Communication Services,stock,S&P 500
TSLA|2026-08-04,waiting,TSLA,General,,2026-08-04,,,,,,,Consumer Discretionary,stock,S&P 500
UBER|2026-08-04,waiting,UBER,General,,2026-08-04,,,,,,,Industrials,stock,S&P 500
WFC|2026-08-04,waiting,WFC,General,,2026-08-04,,,,,,,Financials,stock,S&P 500
WMB|2026-08-04,waiting,WMB,General,,2026-08-04,,,,,,,Energy,stock,S&P 500
AAPL|2026-08-03,consolidating,AAPL,ESG,E,2026-08-03,,,,,,False,Information Technology,stock,S&P 500
AMAT|2026-08-03,consolidating,AMAT,General,,2026-08-03,,,,,,,Information Technology,stock,S&P 500
AMD|2026-08-03,consolidating,AMD,General,,2026-08-03,,,,,,,Information Technology,stock,S&P 500
AMZN|2026-08-03,consolidating,AMZN,General,,2026-08-03,,,,,,,Consumer Discretionary,stock,S&P 500
AVGO|2026-08-03,consolidating,AVGO,ESG,G,2026-08-03,,,,,,True,Information Technology,stock,S&P 500
AXP|2026-08-03,consolidating,AXP,General,,2026-08-03,,,,,,,Financials,stock,S&P 500
BAC|2026-08-03,consolidating,BAC,ESG,G,2026-08-03,,,,,,True,Financials,stock,S&P 500
BA|2026-08-03,consolidating,BA,ESG,E,2026-08-03,,,,,,True,Industrials,stock,S&P 500
CAT|2026-08-03,consolidating,CAT,General,,2026-08-03,,,,,,,Industrials,stock,S&P 500
COP|2026-08-03,consolidating,COP,General,,2026-08-03,,,,,,,Energy,stock,S&P 500
CSCO|2026-08-03,consolidating,CSCO,General,,2026-08-03,,,,,,,Information Technology,stock,S&P 500
CVX|2026-08-03,consolidating,CVX,ESG,E,2026-08-03,,,,,,True,Energy,stock,S&P 500
C|2026-08-03,consolidating,C,General,,2026-08-03,,,,,,,Financials,stock,S&P 500
DIS|2026-08-03,consolidating,DIS,General,,2026-08-03,,,,,,,Communication Services,stock,S&P 500
EOG|2026-08-03,consolidating,EOG,General,,2026-08-03,,,,,,,Energy,stock,S&P 500
ETN|2026-08-03,consolidating,ETN,General,,2026-08-03,,,,,,,Industrials,stock,S&P 500
GEV|2026-08-03,consolidating,GEV,ESG,E,2026-08-03,,,,,,True,Industrials,stock,S&P 500
GE|2026-08-03,consolidating,GE,General,,2026-08-03,,,,,,,Industrials,stock,S&P 500
GOOGL|2026-08-03,consolidating,GOOGL,General,,2026-08-03,,,,,,,Communication Services,stock,S&P 500
GS|2026-08-03,consolidating,GS,General,,2026-08-03,,,,,,,Financials,stock,S&P 500
INTC|2026-08-03,consolidating,INTC,General,,2026-08-03,,,,,,,Information Technology,stock,S&P 500
JPM|2026-08-03,consolidating,JPM,General,,2026-08-03,,,,,,,Financials,stock,S&P 500
KMI|2026-08-03,consolidating,KMI,General,,2026-08-03,,,,,,,Energy,stock,S&P 500
MA|2026-08-03,consolidating,MA,General,,2026-08-03,,,,,,,Financials,stock,S&P 500
META|2026-08-03,consolidating,META,ESG,E,2026-08-03,,,,,,False,Communication Services,stock,S&P 500
MPC|2026-08-03,consolidating,MPC,General,,2026-08-03,,,,,,,Energy,stock,S&P 500
MSFT|2026-08-03,consolidating,MSFT,General,,2026-08-03,,,,,,,Information Technology,stock,S&P 500
MS|2026-08-03,consolidating,MS,ESG,E,2026-08-03,,,,,,False,Financials,stock,S&P 500
MU|2026-08-03,consolidating,MU,General,,2026-08-03,,,,,,,Information Technology,stock,S&P 500
NFLX|2026-08-03,consolidating,NFLX,ESG,G,2026-08-03,,,,,,True,Communication Services,stock,S&P 500
PSX|2026-08-03,consolidating,PSX,General,,2026-08-03,,,,,,,Energy,stock,S&P 500
TSLA|2026-08-03,consolidating,TSLA,ESG,EG,2026-08-03,,,,,,True,Consumer Discretionary,stock,S&P 500
UBER|2026-08-03,consolidating,UBER,General,,2026-08-03,,,,,,,Industrials,stock,S&P 500
VRT|2026-08-03,consolidating,VRT,General,,2026-08-03,,,,,,,Industrials,stock,S&P 500
WBD|2026-08-03,consolidating,WBD,General,,2026-08-03,,,,,,,Communication Services,stock,S&P 500
WMT|2026-08-03,consolidating,WMT,ESG,E,2026-08-03,,,,,,True,Consumer Staples,stock,S&P 500
XOM|2026-08-03,consolidating,XOM,General,,2026-08-03,,,,,,,Energy,stock,S&P 500
AAPL|2026-08-02,consolidating,AAPL,General,,2026-08-02,,,,,,,Information Technology,stock,S&P 500
AMD|2026-08-02,consolidating,AMD,General,,2026-08-02,,,,,,,Information Technology,stock,S&P 500
AMZN|2026-08-02,consolidating,AMZN,General,,2026-08-02,,,,,,,Consumer Discretionary,stock,S&P 500
BAC|2026-08-02,consolidating,BAC,General,,2026-08-02,,,,,,,Financials,stock,S&P 500
BRK-B|2026-08-02,consolidating,BRK-B,General,,2026-08-02,,,,,,,Financials,stock,S&P 500
CSCO|2026-08-02,consolidating,CSCO,General,,2026-08-02,,,,,,,Information Technology,stock,S&P 500
CVX|2026-08-02,consolidating,CVX,General,,2026-08-02,,,,,,,Energy,stock,S&P 500
GS|2026-08-02,consolidating,GS,General,,2026-08-02,,,,,,,Financials,stock,S&P 500
INTC|2026-08-02,consolidating,INTC,General,,2026-08-02,,,,,,,Information Technology,stock,S&P 500
META|2026-08-02,consolidating,META,General,,2026-08-02,,,,,,,Communication Services,stock,S&P 500
MSFT|2026-08-02,consolidating,MSFT,General,,2026-08-02,,,,,,,Information Technology,stock,S&P 500
MS|2026-08-02,consolidating,MS,General,,2026-08-02,,,,,,,Financials,stock,S&P 500
NFLX|2026-08-02,consolidating,NFLX,General,,2026-08-02,,,,,,,Communication Services,stock,S&P 500
NVDA|2026-08-02,consolidating,NVDA,ESG,E,2026-08-02,,,,,,False,Information Technology,stock,S&P 500
PSX|2026-08-02,consolidating,PSX,General,,2026-08-02,,,,,,,Energy,stock,S&P 500
TSLA|2026-08-02,consolidating,TSLA,ESG,E,2026-08-02,,,,,,False,Consumer Discretionary,stock,S&P 500
UBER|2026-08-02,consolidating,UBER,General,,2026-08-02,,,,,,,Industrials,stock,S&P 500
VLO|2026-08-02,consolidating,VLO,General,,2026-08-02,,,,,,,Energy,stock,S&P 500
AAPL|2026-08-01,consolidating,AAPL,ESG,S,2026-08-01,,,,,,True,Information Technology,stock,S&P 500
AMD|2026-08-01,consolidating,AMD,General,,2026-08-01,,,,,,,Information Technology,stock,S&P 500
AMZN|2026-08-01,consolidating,AMZN,ESG,EG,2026-08-01,,,,,,True,Consumer Discretionary,stock,S&P 500
AVGO|2026-08-01,consolidating,AVGO,General,,2026-08-01,,,,,,,Information Technology,stock,S&P 500
AXP|2026-08-01,consolidating,AXP,General,,2026-08-01,,,,,,,Financials,stock,S&P 500
BAC|2026-08-01,consolidating,BAC,General,,2026-08-01,,,,,,,Financials,stock,S&P 500
CMCSA|2026-08-01,consolidating,CMCSA,General,,2026-08-01,,,,,,,Communication Services,stock,S&P 500
COP|2026-08-01,consolidating,COP,General,,2026-08-01,,,,,,,Energy,stock,S&P 500
CVX|2026-08-01,consolidating,CVX,ESG,E,2026-08-01,,,,,,True,Energy,stock,S&P 500
ETN|2026-08-01,consolidating,ETN,General,,2026-08-01,,,,,,,Industrials,stock,S&P 500
GE|2026-08-01,consolidating,GE,General,,2026-08-01,,,,,,,Industrials,stock,S&P 500
GOOGL|2026-08-01,consolidating,GOOGL,General,,2026-08-01,,,,,,,Communication Services,stock,S&P 500
INTC|2026-08-01,consolidating,INTC,General,,2026-08-01,,,,,,,Information Technology,stock,S&P 500
JPM|2026-08-01,consolidating,JPM,General,,2026-08-01,,,,,,,Financials,stock,S&P 500
KMI|2026-08-01,consolidating,KMI,General,,2026-08-01,,,,,,,Energy,stock,S&P 500
MA|2026-08-01,consolidating,MA,General,,2026-08-01,,,,,,,Financials,stock,S&P 500
META|2026-08-01,consolidating,META,ESG,S,2026-08-01,,,,,,True,Communication Services,stock,S&P 500
MSFT|2026-08-01,consolidating,MSFT,General,,2026-08-01,,,,,,,Information Technology,stock,S&P 500
MS|2026-08-01,consolidating,MS,General,,2026-08-01,,,,,,,Financials,stock,S&P 500
MU|2026-08-01,consolidating,MU,General,,2026-08-01,,,,,,,Information Technology,stock,S&P 500
NVDA|2026-08-01,consolidating,NVDA,General,,2026-08-01,,,,,,,Information Technology,stock,S&P 500
TMUS|2026-08-01,consolidating,TMUS,General,,2026-08-01,,,,,,,Communication Services,stock,S&P 500
TSLA|2026-08-01,consolidating,TSLA,General,,2026-08-01,,,,,,,Consumer Discretionary,stock,S&P 500
TTWO|2026-08-01,consolidating,TTWO,General,,2026-08-01,,,,,,,Communication Services,stock,S&P 500
UBER|2026-08-01,consolidating,UBER,General,,2026-08-01,,,,,,,Industrials,stock,S&P 500
VLO|2026-08-01,consolidating,VLO,ESG,E,2026-08-01,,,,,,True,Energy,stock,S&P 500
VRT|2026-08-01,consolidating,VRT,General,,2026-08-01,,,,,,,Industrials,stock,S&P 500
WFC|2026-08-01,consolidating,WFC,General,,2026-08-01,,,,,,,Financials,stock,S&P 500
XOM|2026-08-01,consolidating,XOM,General,,2026-08-01,,,,,,,Energy,stock,S&P 500
AAPL|2026-07-31,consolidating,AAPL,General,,2026-07-31,,,,,,,Information Technology,stock,S&P 500
AMAT|2026-07-31,consolidating,AMAT,General,,2026-07-31,,,,,,,Information Technology,stock,S&P 500
AMD|2026-07-31,consolidating,AMD,ESG,EG,2026-07-31,,,,,,True,Information Technology,stock,S&P 500
AMZN|2026-07-31,consolidating,AMZN,General,,2026-07-31,,,,,,,Consumer Discretionary,stock,S&P 500
AVGO|2026-07-31,consolidating,AVGO,General,,2026-07-31,,,,,,,Information Technology,stock,S&P 500
AXP|2026-07-31,consolidating,AXP,General,,2026-07-31,,,,,,,Financials,stock,S&P 500
BAC|2026-07-31,consolidating,BAC,General,,2026-07-31,,,,,,,Financials,stock,S&P 500
BA|2026-07-31,consolidating,BA,General,,2026-07-31,,,,,,,Industrials,stock,S&P 500
BRK-B|2026-07-31,consolidating,BRK-B,General,,2026-07-31,,,,,,,Financials,stock,S&P 500
CAT|2026-07-31,consolidating,CAT,General,,2026-07-31,,,,,,,Industrials,stock,S&P 500
CMCSA|2026-07-31,consolidating,CMCSA,General,,2026-07-31,,,,,,,Communication Services,stock,S&P 500
CVX|2026-07-31,consolidating,CVX,ESG,E,2026-07-31,,,,,,True,Energy,stock,S&P 500
DE|2026-07-31,consolidating,DE,General,,2026-07-31,,,,,,,Industrials,stock,S&P 500
DIS|2026-07-31,consolidating,DIS,General,,2026-07-31,,,,,,,Communication Services,stock,S&P 500
EA|2026-07-31,consolidating,EA,General,,2026-07-31,,,,,,,Communication Services,stock,S&P 500
ETN|2026-07-31,consolidating,ETN,ESG,E,2026-07-31,,,,,,True,Industrials,stock,S&P 500
GE|2026-07-31,consolidating,GE,General,,2026-07-31,,,,,,,Industrials,stock,S&P 500
GOOGL|2026-07-31,consolidating,GOOGL,General,,2026-07-31,,,,,,,Communication Services,stock,S&P 500
GS|2026-07-31,consolidating,GS,General,,2026-07-31,,,,,,,Financials,stock,S&P 500
INTC|2026-07-31,consolidating,INTC,General,,2026-07-31,,,,,,,Information Technology,stock,S&P 500
JPM|2026-07-31,consolidating,JPM,General,,2026-07-31,,,,,,,Financials,stock,S&P 500
LRCX|2026-07-31,consolidating,LRCX,General,,2026-07-31,,,,,,,Information Technology,stock,S&P 500
MA|2026-07-31,consolidating,MA,General,,2026-07-31,,,,,,,Financials,stock,S&P 500
META|2026-07-31,consolidating,META,General,,2026-07-31,,,,,,,Communication Services,stock,S&P 500
MSFT|2026-07-31,consolidating,MSFT,General,,2026-07-31,,,,,,,Information Technology,stock,S&P 500
MS|2026-07-31,consolidating,MS,General,,2026-07-31,,,,,,,Financials,stock,S&P 500
MU|2026-07-31,consolidating,MU,General,,2026-07-31,,,,,,,Information Technology,stock,S&P 500
NFLX|2026-07-31,consolidating,NFLX,General,,2026-07-31,,,,,,,Communication Services,stock,S&P 500
NVDA|2026-07-31,consolidating,NVDA,General,,2026-07-31,,,,,,,Information Technology,stock,S&P 500
PSX|2026-07-31,consolidating,PSX,General,,2026-07-31,,,,,,,Energy,stock,S&P 500
RTX|2026-07-31,consolidating,RTX,General,,2026-07-31,,,,,,,Industrials,stock,S&P 500
SLB|2026-07-31,consolidating,SLB,General,,2026-07-31,,,,,,,Energy,stock,S&P 500
TSLA|2026-07-31,consolidating,TSLA,General,,2026-07-31,,,,,,,Consumer Discretionary,stock,S&P 500
UBER|2026-07-31,consolidating,UBER,General,,2026-07-31,,,,,,,Industrials,stock,S&P 500
VLO|2026-07-31,consolidating,VLO,ESG,E,2026-07-31,,,,,,True,Energy,stock,S&P 500
VRT|2026-07-31,consolidating,VRT,General,,2026-07-31,,,,,,,Industrials,stock,S&P 500
V|2026-07-31,consolidating,V,General,,2026-07-31,,,,,,,Financials,stock,S&P 500
WFC|2026-07-31,consolidating,WFC,General,,2026-07-31,,,,,,,Financials,stock,S&P 500
XOM|2026-07-31,consolidating,XOM,General,,2026-07-31,,,,,,,Energy,stock,S&P 500
AAPL|2026-07-30,consolidating,AAPL,General,,2026-07-30,,,,,,,Information Technology,stock,S&P 500
AMAT|2026-07-30,consolidating,AMAT,General,,2026-07-30,,,,,,,Information Technology,stock,S&P 500
AMD|2026-07-30,consolidating,AMD,General,,2026-07-30,,,,,,,Information Technology,stock,S&P 500
AMZN|2026-07-30,consolidating,AMZN,General,,2026-07-30,,,,,,,Consumer Discretionary,stock,S&P 500
AVGO|2026-07-30,consolidating,AVGO,General,,2026-07-30,,,,,,,Information Technology,stock,S&P 500
AXP|2026-07-30,consolidating,AXP,General,,2026-07-30,,,,,,,Financials,stock,S&P 500
BAC|2026-07-30,consolidating,BAC,General,,2026-07-30,,,,,,,Financials,stock,S&P 500
BA|2026-07-30,consolidating,BA,General,,2026-07-30,,,,,,,Industrials,stock,S&P 500
BRK-B|2026-07-30,consolidating,BRK-B,General,,2026-07-30,,,,,,,Financials,stock,S&P 500
CAT|2026-07-30,consolidating,CAT,General,,2026-07-30,,,,,,,Industrials,stock,S&P 500
CMCSA|2026-07-30,consolidating,CMCSA,General,,2026-07-30,,,,,,,Communication Services,stock,S&P 500
COP|2026-07-30,consolidating,COP,ESG,E,2026-07-30,,,,,,True,Energy,stock,S&P 500
CSCO|2026-07-30,consolidating,CSCO,General,,2026-07-30,,,,,,,Information Technology,stock,S&P 500
CVX|2026-07-30,consolidating,CVX,General,,2026-07-30,,,,,,,Energy,stock,S&P 500
C|2026-07-30,consolidating,C,General,,2026-07-30,,,,,,,Financials,stock,S&P 500
DE|2026-07-30,consolidating,DE,General,,2026-07-30,,,,,,,Industrials,stock,S&P 500
EOG|2026-07-30,consolidating,EOG,General,,2026-07-30,,,,,,,Energy,stock,S&P 500
GE|2026-07-30,consolidating,GE,General,,2026-07-30,,,,,,,Industrials,stock,S&P 500
GOOGL|2026-07-30,consolidating,GOOGL,General,,2026-07-30,,,,,,,Communication Services,stock,S&P 500
GS|2026-07-30,consolidating,GS,ESG,ES,2026-07-30,,,,,,False,Financials,stock,S&P 500
INTC|2026-07-30,consolidating,INTC,General,,2026-07-30,,,,,,,Information Technology,stock,S&P 500
JPM|2026-07-30,consolidating,JPM,General,,2026-07-30,,,,,,,Financials,stock,S&P 500
LRCX|2026-07-30,consolidating,LRCX,General,,2026-07-30,,,,,,,Information Technology,stock,S&P 500
MA|2026-07-30,consolidating,MA,General,,2026-07-30,,,,,,,Financials,stock,S&P 500
META|2026-07-30,consolidating,META,ESG,E,2026-07-30,,,,,,False,Communication Services,stock,S&P 500
MPC|2026-07-30,consolidating,MPC,General,,2026-07-30,,,,,,,Energy,stock,S&P 500
MSFT|2026-07-30,consolidating,MSFT,ESG,E,2026-07-30,,,,,,False,Information Technology,stock,S&P 500
MS|2026-07-30,consolidating,MS,General,,2026-07-30,,,,,,,Financials,stock,S&P 500
MU|2026-07-30,consolidating,MU,General,,2026-07-30,,,,,,,Information Technology,stock,S&P 500
NFLX|2026-07-30,consolidating,NFLX,General,,2026-07-30,,,,,,,Communication Services,stock,S&P 500
PSX|2026-07-30,consolidating,PSX,General,,2026-07-30,,,,,,,Energy,stock,S&P 500
RTX|2026-07-30,consolidating,RTX,General,,2026-07-30,,,,,,,Industrials,stock,S&P 500
SLB|2026-07-30,consolidating,SLB,General,,2026-07-30,,,,,,,Energy,stock,S&P 500
TMUS|2026-07-30,consolidating,TMUS,General,,2026-07-30,,,,,,,Communication Services,stock,S&P 500
TSLA|2026-07-30,consolidating,TSLA,General,,2026-07-30,,,,,,,Consumer Discretionary,stock,S&P 500
TTWO|2026-07-30,consolidating,TTWO,General,,2026-07-30,,,,,,,Communication Services,stock,S&P 500
UBER|2026-07-30,consolidating,UBER,General,,2026-07-30,,,,,,,Industrials,stock,S&P 500
UNP|2026-07-30,consolidating,UNP,ESG,S,2026-07-30,,,,,,True,Industrials,stock,S&P 500
VLO|2026-07-30,consolidating,VLO,ESG,E,2026-07-30,,,,,,True,Energy,stock,S&P 500
VRT|2026-07-30,consolidating,VRT,General,,2026-07-30,,,,,,,Industrials,stock,S&P 500
V|2026-07-30,consolidating,V,General,,2026-07-30,,,,,,,Financials,stock,S&P 500
WBD|2026-07-30,consolidating,WBD,General,,2026-07-30,,,,,,,Communication Services,stock,S&P 500
WFC|2026-07-30,consolidating,WFC,General,,2026-07-30,,,,,,,Financials,stock,S&P 500
WMB|2026-07-30,consolidating,WMB,General,,2026-07-30,,,,,,,Energy,stock,S&P 500
XOM|2026-07-30,consolidating,XOM,ESG,E,2026-07-30,,,,,,True,Energy,stock,S&P 500
AAPL|2026-07-29,closed,AAPL,ESG,E,2026-07-29,-12.73,6.65,False,0.81,1.52,False,Information Technology,stock,S&P 500
AMAT|2026-07-29,closed,AMAT,General,,2026-07-29,-7.06,14.73,True,2.72,3.36,,Information Technology,stock,S&P 500
AMD|2026-07-29,closed,AMD,ESG,E,2026-07-29,-12.22,16.28,True,3.52,3.71,False,Information Technology,stock,S&P 500
AMZN|2026-07-29,closed,AMZN,General,,2026-07-29,18.58,7.03,False,1.24,1.61,,Consumer Discretionary,stock,S&P 500
AVGO|2026-07-29,closed,AVGO,General,,2026-07-29,-2.66,10.75,True,2.01,2.45,,Information Technology,stock,S&P 500
AXP|2026-07-29,closed,AXP,General,,2026-07-29,0.75,7.06,True,0.91,1.61,,Financials,stock,S&P 500
BAC|2026-07-29,closed,BAC,General,,2026-07-29,-1.52,5.91,True,0.66,1.35,,Financials,stock,S&P 500
BA|2026-07-29,closed,BA,General,,2026-07-29,8.33,8.11,False,1.29,1.85,,Industrials,stock,S&P 500
BRK-B|2026-07-29,closed,BRK-B,General,,2026-07-29,3.04,4.35,True,0.04,0.99,,Financials,stock,S&P 500
CAT|2026-07-29,closed,CAT,General,,2026-07-29,-10.34,9.79,False,1.84,2.23,,Industrials,stock,S&P 500
CMCSA|2026-07-29,closed,CMCSA,General,,2026-07-29,8.29,9.31,True,0.03,2.12,,Communication Services,stock,S&P 500
CSCO|2026-07-29,closed,CSCO,General,,2026-07-29,-3.49,10.35,True,1.21,2.36,,Information Technology,stock,S&P 500
CVX|2026-07-29,closed,CVX,General,,2026-07-29,2.77,6.36,True,-0.76,1.45,,Energy,stock,S&P 500
C|2026-07-29,closed,C,General,,2026-07-29,-3.08,7.36,True,1.3,1.68,,Financials,stock,S&P 500
DIS|2026-07-29,closed,DIS,General,,2026-07-29,0.48,7.28,True,0.78,1.66,,Communication Services,stock,S&P 500
EOG|2026-07-29,closed,EOG,General,,2026-07-29,4.45,7.68,True,-0.88,1.75,,Energy,stock,S&P 500
ETN|2026-07-29,closed,ETN,General,,2026-07-29,5.79,9.38,True,1.7,2.14,,Industrials,stock,S&P 500
GEV|2026-07-29,closed,GEV,General,,2026-07-29,-4.73,12.01,True,2.0,2.74,,Industrials,stock,S&P 500
GE|2026-07-29,closed,GE,General,,2026-07-29,-1.37,9.11,True,1.35,2.08,,Industrials,stock,S&P 500
GOOGL|2026-07-29,closed,GOOGL,General,,2026-07-29,10.48,7.17,False,1.31,1.64,,Communication Services,stock,S&P 500
GS|2026-07-29,closed,GS,General,,2026-07-29,-6.17,7.47,True,1.62,1.7,,Financials,stock,S&P 500
INTC|2026-07-29,closed,INTC,General,,2026-07-29,-10.78,21.41,True,3.28,4.89,,Information Technology,stock,S&P 500
KMI|2026-07-29,closed,KMI,General,,2026-07-29,-1.36,5.74,True,-0.22,1.31,,Energy,stock,S&P 500
LRCX|2026-07-29,closed,LRCX,ESG,E,2026-07-29,-6.29,14.35,True,3.32,3.27,False,Information Technology,stock,S&P 500
MA|2026-07-29,closed,MA,General,,2026-07-29,2.86,6.88,True,0.24,1.57,,Financials,stock,S&P 500
META|2026-07-29,closed,META,ESG,E,2026-07-29,-3.51,10.74,True,1.56,2.45,False,Communication Services,stock,S&P 500
MPC|2026-07-29,closed,MPC,General,,2026-07-29,-3.15,10.19,True,-0.49,2.32,,Energy,stock,S&P 500
MSFT|2026-07-29,closed,MSFT,ESG,E,2026-07-29,22.73,9.08,False,0.8,2.07,False,Information Technology,stock,S&P 500
MS|2026-07-29,closed,MS,General,,2026-07-29,-5.26,6.73,True,1.32,1.53,,Financials,stock,S&P 500
MU|2026-07-29,closed,MU,General,,2026-07-29,-18.83,21.25,True,3.42,4.85,,Information Technology,stock,S&P 500
NFLX|2026-07-29,closed,NFLX,General,,2026-07-29,4.37,10.81,True,0.2,2.47,,Communication Services,stock,S&P 500
NTRS|2026-07-29,closed,NTRS,ESG,E,2026-07-29,-3.15,6.88,True,0.86,1.57,False,Financials,stock,S&P 500
NVDA|2026-07-29,closed,NVDA,ESG,E,2026-07-29,0.36,7.99,True,1.91,1.82,False,Information Technology,stock,S&P 500
PSX|2026-07-29,closed,PSX,General,,2026-07-29,-1.31,8.8,True,-0.57,2.01,,Energy,stock,S&P 500
RTX|2026-07-29,closed,RTX,General,,2026-07-29,-1.44,7.45,True,0.31,1.7,,Industrials,stock,S&P 500
SLB|2026-07-29,closed,SLB,ESG,E,2026-07-29,-6.21,9.35,True,0.78,2.13,True,Energy,stock,S&P 500
SPGI|2026-07-29,closed,SPGI,ESG,E,2026-07-29,-5.93,10.1,True,0.39,2.3,False,Financials,stock,S&P 500
TMUS|2026-07-29,closed,TMUS,General,,2026-07-29,1.22,7.91,True,-0.61,1.8,,Communication Services,stock,S&P 500
TSLA|2026-07-29,closed,TSLA,ESG,E,2026-07-29,0.06,9.55,True,2.01,2.18,False,Consumer Discretionary,stock,S&P 500
TTWO|2026-07-29,closed,TTWO,ESG,G,2026-07-29,-1.21,9.76,True,0.81,2.23,True,Communication Services,stock,S&P 500
UBER|2026-07-29,closed,UBER,General,,2026-07-29,3.6,9.46,True,0.91,2.16,,Industrials,stock,S&P 500
UNP|2026-07-29,closed,UNP,ESG,S,2026-07-29,-4.35,6.86,True,0.22,1.57,True,Industrials,stock,S&P 500
VLO|2026-07-29,closed,VLO,General,,2026-07-29,0.18,10.6,True,-0.74,2.42,,Energy,stock,S&P 500
VRT|2026-07-29,closed,VRT,ESG,E,2026-07-29,-14.84,17.05,True,2.58,3.89,True,Industrials,stock,S&P 500
V|2026-07-29,closed,V,General,,2026-07-29,-0.11,6.68,True,0.27,1.52,,Financials,stock,S&P 500
WBD|2026-07-29,closed,WBD,General,,2026-07-29,2.44,3.93,True,0.4,0.9,,Communication Services,stock,S&P 500
WFC|2026-07-29,closed,WFC,General,,2026-07-29,-0.52,7.61,True,0.59,1.74,,Financials,stock,S&P 500
XOM|2026-07-29,closed,XOM,ESG,E,2026-07-29,1.29,7.62,True,-0.78,1.74,True,Energy,stock,S&P 500
AAPL|2026-07-28,closed,AAPL,General,,2026-07-28,-10.58,6.67,False,0.85,1.52,,Information Technology,stock,S&P 500
AMAT|2026-07-28,closed,AMAT,General,,2026-07-28,-6.86,14.74,True,2.66,3.36,,Information Technology,stock,S&P 500
AMD|2026-07-28,closed,AMD,ESG,S,2026-07-28,-11.65,16.49,True,3.37,3.76,True,Information Technology,stock,S&P 500
AMZN|2026-07-28,closed,AMZN,General,,2026-07-28,15.1,7.04,False,1.26,1.61,,Consumer Discretionary,stock,S&P 500
AVGO|2026-07-28,closed,AVGO,General,,2026-07-28,0.41,10.76,True,2.03,2.45,,Information Technology,stock,S&P 500
BAC|2026-07-28,closed,BAC,General,,2026-07-28,-0.48,5.88,True,0.66,1.34,,Financials,stock,S&P 500
BA|2026-07-28,closed,BA,General,,2026-07-28,2.55,8.22,True,1.21,1.87,,Industrials,stock,S&P 500
CAT|2026-07-28,closed,CAT,ESG,S,2026-07-28,-9.99,9.79,False,1.82,2.23,True,Industrials,stock,S&P 500
CMCSA|2026-07-28,closed,CMCSA,General,,2026-07-28,8.53,9.24,True,0.01,2.11,,Communication Services,stock,S&P 500
CSCO|2026-07-28,closed,CSCO,General,,2026-07-28,-0.93,10.3,True,1.22,2.35,,Information Technology,stock,S&P 500
CVX|2026-07-28,closed,CVX,ESG,E,2026-07-28,0.17,6.43,True,-0.71,1.47,True,Energy,stock,S&P 500
DE|2026-07-28,closed,DE,General,,2026-07-28,-4.08,9.67,True,0.66,2.21,,Industrials,stock,S&P 500
EA|2026-07-28,closed,EA,General,,2026-07-28,0.33,1.72,True,0.11,0.39,,Communication Services,stock,S&P 500
EOG|2026-07-28,closed,EOG,General,,2026-07-28,-0.53,7.68,True,-0.85,1.75,,Energy,stock,S&P 500
ETN|2026-07-28,closed,ETN,General,,2026-07-28,1.72,9.35,True,1.65,2.13,,Industrials,stock,S&P 500
GEV|2026-07-28,closed,GEV,ESG,E,2026-07-28,-3.77,12.12,True,1.9,2.77,True,Industrials,stock,S&P 500
GE|2026-07-28,closed,GE,General,,2026-07-28,1.14,9.12,True,1.38,2.08,,Industrials,stock,S&P 500
GOOGL|2026-07-28,closed,GOOGL,General,,2026-07-28,9.44,7.15,False,1.3,1.63,,Communication Services,stock,S&P 500
GS|2026-07-28,closed,GS,ESG,E,2026-07-28,-4.82,6.68,True,1.56,1.52,False,Financials,stock,S&P 500
INTC|2026-07-28,closed,INTC,ESG,E,2026-07-28,-7.57,21.72,True,3.06,4.95,False,Information Technology,stock,S&P 500
JPM|2026-07-28,closed,JPM,General,,2026-07-28,-0.26,5.95,True,0.7,1.36,,Financials,stock,S&P 500
KMI|2026-07-28,closed,KMI,ESG,E,2026-07-28,-3.0,5.73,True,-0.21,1.31,True,Energy,stock,S&P 500
LRCX|2026-07-28,closed,LRCX,General,,2026-07-28,-3.39,14.5,True,3.17,3.31,,Information Technology,stock,S&P 500
MA|2026-07-28,closed,MA,General,,2026-07-28,7.11,6.89,False,0.26,1.57,,Financials,stock,S&P 500
META|2026-07-28,closed,META,General,,2026-07-28,-9.79,10.75,True,1.54,2.45,,Communication Services,stock,S&P 500
MPC|2026-07-28,closed,MPC,General,,2026-07-28,-1.39,10.19,True,-0.45,2.32,,Energy,stock,S&P 500
MSFT|2026-07-28,closed,MSFT,General,,2026-07-28,19.85,9.05,False,0.79,2.07,,Information Technology,stock,S&P 500
MS|2026-07-28,closed,MS,General,,2026-07-28,-2.82,6.67,True,1.33,1.52,,Financials,stock,S&P 500
MU|2026-07-28,closed,MU,General,,2026-07-28,-14.15,21.39,True,3.26,4.88,,Information Technology,stock,S&P 500
NFLX|2026-07-28,closed,NFLX,ESG,E,2026-07-28,2.51,10.81,True,0.21,2.47,False,Communication Services,stock,S&P 500
NVDA|2026-07-28,closed,NVDA,General,,2026-07-28,-5.96,7.88,True,1.91,1.8,,Information Technology,stock,S&P 500
RTX|2026-07-28,closed,RTX,General,,2026-07-28,0.75,7.46,True,0.36,1.7,,Industrials,stock,S&P 500
SLB|2026-07-28,closed,SLB,ESG,E,2026-07-28,-5.39,9.36,True,0.75,2.14,True,Energy,stock,S&P 500
SPGI|2026-07-28,closed,SPGI,ESG,E,2026-07-28,-1.98,10.22,True,0.48,2.33,False,Financials,stock,S&P 500
TMUS|2026-07-28,closed,TMUS,General,,2026-07-28,-4.4,7.98,True,-0.55,1.82,,Communication Services,stock,S&P 500
TSLA|2026-07-28,closed,TSLA,ESG,E,2026-07-28,0.41,9.55,True,2.01,2.18,False,Consumer Discretionary,stock,S&P 500
TTWO|2026-07-28,closed,TTWO,General,,2026-07-28,3.23,9.71,True,0.78,2.21,,Communication Services,stock,S&P 500
UBER|2026-07-28,closed,UBER,General,,2026-07-28,1.12,9.38,True,0.91,2.14,,Industrials,stock,S&P 500
UNP|2026-07-28,closed,UNP,ESG,S,2026-07-28,-6.42,6.97,True,0.29,1.59,True,Industrials,stock,S&P 500
VLO|2026-07-28,closed,VLO,ESG,E,2026-07-28,-0.43,10.59,True,-0.72,2.42,True,Energy,stock,S&P 500
VRT|2026-07-28,closed,VRT,General,,2026-07-28,-20.03,17.1,False,2.5,3.9,,Industrials,stock,S&P 500
WBD|2026-07-28,closed,WBD,General,,2026-07-28,0.06,3.89,True,0.41,0.89,,Communication Services,stock,S&P 500
WFC|2026-07-28,closed,WFC,General,,2026-07-28,-0.04,7.52,True,0.61,1.72,,Financials,stock,S&P 500
WMB|2026-07-28,closed,WMB,ESG,E,2026-07-28,-5.33,6.47,True,-0.07,1.48,True,Energy,stock,S&P 500
XOM|2026-07-28,closed,XOM,General,,2026-07-28,-1.92,7.63,True,-0.76,1.74,,Energy,stock,S&P 500
AAPL|2026-07-27,closed,AAPL,General,,2026-07-27,2.81,6.67,True,0.87,1.52,,Information Technology,stock,S&P 500
AMAT|2026-07-27,closed,AMAT,General,,2026-07-27,-12.84,14.73,True,2.63,3.36,,Information Technology,stock,S&P 500
AMD|2026-07-27,closed,AMD,ESG,E,2026-07-27,-10.71,16.48,True,3.35,3.76,False,Information Technology,stock,S&P 500
AMZN|2026-07-27,closed,AMZN,General,,2026-07-27,1.63,7.0,True,1.27,1.6,,Consumer Discretionary,stock,S&P 500
AVGO|2026-07-27,closed,AVGO,General,,2026-07-27,-2.03,10.77,True,2.01,2.46,,Information Technology,stock,S&P 500
AXP|2026-07-27,closed,AXP,General,,2026-07-27,-1.06,7.1,True,0.96,1.62,,Financials,stock,S&P 500
BAC|2026-07-27,closed,BAC,General,,2026-07-27,0.74,5.88,True,0.66,1.34,,Financials,stock,S&P 500
BA|2026-07-27,closed,BA,General,,2026-07-27,6.24,8.18,True,1.2,1.87,,Industrials,stock,S&P 500
BLK|2026-07-27,closed,BLK,ESG,,2026-07-27,6.3,6.19,False,1.28,1.41,,Financials,stock,S&P 500
CAT|2026-07-27,closed,CAT,General,,2026-07-27,-12.18,9.78,False,1.81,2.23,,Industrials,stock,S&P 500
CMCSA|2026-07-27,closed,CMCSA,ESG,E,2026-07-27,5.18,9.23,True,0.03,2.11,False,Communication Services,stock,S&P 500
COP|2026-07-27,closed,COP,ESG,E,2026-07-27,-3.17,8.18,True,-0.77,1.87,True,Energy,stock,S&P 500
CSCO|2026-07-27,closed,CSCO,General,,2026-07-27,-1.65,10.29,True,1.22,2.35,,Information Technology,stock,S&P 500
CVX|2026-07-27,closed,CVX,ESG,E,2026-07-27,-2.84,6.34,True,-0.69,1.45,True,Energy,stock,S&P 500
C|2026-07-27,closed,C,General,,2026-07-27,-0.44,7.0,True,1.37,1.6,,Financials,stock,S&P 500
DIS|2026-07-27,closed,DIS,General,,2026-07-27,3.79,7.31,True,0.77,1.67,,Communication Services,stock,S&P 500
GEV|2026-07-27,closed,GEV,ESG,E,2026-07-27,-7.47,12.29,True,1.86,2.8,True,Industrials,stock,S&P 500
GOOG|2026-07-27,closed,GOOG,General,,2026-07-27,4.46,7.07,True,1.3,1.61,,Communication Services,stock,S&P 500
GS|2026-07-27,closed,GS,ESG,E,2026-07-27,-5.3,6.7,True,1.57,1.53,False,Financials,stock,S&P 500
INTC|2026-07-27,closed,INTC,General,,2026-07-27,-11.26,21.68,True,3.03,4.95,,Information Technology,stock,S&P 500
JPM|2026-07-27,closed,JPM,ESG,S,2026-07-27,0.87,5.96,True,0.7,1.36,False,Financials,stock,S&P 500
LRCX|2026-07-27,closed,LRCX,General,,2026-07-27,-7.02,14.46,True,3.13,3.3,,Information Technology,stock,S&P 500
MA|2026-07-27,closed,MA,ESG,G,2026-07-27,9.8,6.83,False,0.28,1.56,True,Financials,stock,S&P 500
META|2026-07-27,closed,META,General,,2026-07-27,-12.7,10.74,False,1.54,2.45,,Communication Services,stock,S&P 500
MSFT|2026-07-27,closed,MSFT,General,,2026-07-27,19.53,9.01,False,0.81,2.06,,Information Technology,stock,S&P 500
MS|2026-07-27,closed,MS,General,,2026-07-27,-2.82,6.68,True,1.34,1.52,,Financials,stock,S&P 500
MU|2026-07-27,closed,MU,General,,2026-07-27,-16.53,21.57,True,3.23,4.92,,Information Technology,stock,S&P 500
NFLX|2026-07-27,closed,NFLX,General,,2026-07-27,6.52,10.8,True,0.22,2.46,,Communication Services,stock,S&P 500
NVDA|2026-07-27,closed,NVDA,ESG,E,2026-07-27,-7.91,7.84,False,1.89,1.79,False,Information Technology,stock,S&P 500
RTX|2026-07-27,closed,RTX,General,,2026-07-27,1.37,7.47,True,0.37,1.7,,Industrials,stock,S&P 500
SLB|2026-07-27,closed,SLB,ESG,E,2026-07-27,3.54,9.36,True,0.75,2.14,True,Energy,stock,S&P 500
TSLA|2026-07-27,closed,TSLA,General,,2026-07-27,-4.58,9.54,True,2.0,2.18,,Consumer Discretionary,stock,S&P 500
UBER|2026-07-27,closed,UBER,General,,2026-07-27,1.28,9.38,True,0.91,2.14,,Industrials,stock,S&P 500
UNP|2026-07-27,closed,UNP,General,,2026-07-27,-7.12,6.96,False,0.3,1.59,,Industrials,stock,S&P 500
VLO|2026-07-27,closed,VLO,General,,2026-07-27,-1.89,10.45,True,-0.68,2.38,,Energy,stock,S&P 500
VRT|2026-07-27,closed,VRT,General,,2026-07-27,-30.02,17.1,False,2.48,3.9,,Industrials,stock,S&P 500
V|2026-07-27,closed,V,General,,2026-07-27,3.72,6.59,True,0.31,1.5,,Financials,stock,S&P 500
WBD|2026-07-27,closed,WBD,General,,2026-07-27,-1.49,3.79,True,0.43,0.86,,Communication Services,stock,S&P 500
WFC|2026-07-27,closed,WFC,General,,2026-07-27,-0.81,7.51,True,0.62,1.71,,Financials,stock,S&P 500
WMB|2026-07-27,closed,WMB,General,,2026-07-27,-7.6,6.5,False,-0.08,1.48,,Energy,stock,S&P 500
AMD|2026-07-26,closed,AMD,General,,2026-07-26,-10.71,16.48,True,3.35,3.76,,Information Technology,stock,S&P 500
AMZN|2026-07-26,closed,AMZN,General,,2026-07-26,1.63,7.0,True,1.27,1.6,,Consumer Discretionary,stock,S&P 500
BA|2026-07-26,closed,BA,General,,2026-07-26,6.24,8.18,True,1.2,1.87,,Industrials,stock,S&P 500
BRK-B|2026-07-26,closed,BRK-B,General,,2026-07-26,3.67,4.36,True,0.08,0.99,,Financials,stock,S&P 500
GE|2026-07-26,closed,GE,ESG,E,2026-07-26,1.19,9.14,True,1.37,2.08,True,Industrials,stock,S&P 500
GOOGL|2026-07-26,closed,GOOGL,ESG,G,2026-07-26,4.54,7.15,True,1.3,1.63,True,Communication Services,stock,S&P 500
INTC|2026-07-26,closed,INTC,General,,2026-07-26,-11.26,21.68,True,3.03,4.95,,Information Technology,stock,S&P 500
META|2026-07-26,closed,META,General,,2026-07-26,-12.7,10.74,False,1.54,2.45,,Communication Services,stock,S&P 500
MSFT|2026-07-26,closed,MSFT,General,,2026-07-26,19.53,9.01,False,0.81,2.06,,Information Technology,stock,S&P 500
MS|2026-07-26,closed,MS,General,,2026-07-26,-2.82,6.68,True,1.34,1.52,,Financials,stock,S&P 500
RTX|2026-07-26,closed,RTX,General,,2026-07-26,1.37,7.47,True,0.37,1.7,,Industrials,stock,S&P 500
TSLA|2026-07-26,closed,TSLA,General,,2026-07-26,-4.58,9.54,True,2.0,2.18,,Consumer Discretionary,stock,S&P 500
UBER|2026-07-26,closed,UBER,General,,2026-07-26,1.28,9.38,True,0.91,2.14,,Industrials,stock,S&P 500
XOM|2026-07-26,closed,XOM,ESG,E,2026-07-26,-1.17,7.52,True,-0.73,1.71,True,Energy,stock,S&P 500
AAPL|2026-07-25,closed,AAPL,General,,2026-07-25,2.81,6.67,True,0.87,1.52,,Information Technology,stock,S&P 500
AMD|2026-07-25,closed,AMD,General,,2026-07-25,-10.71,16.48,True,3.35,3.76,,Information Technology,stock,S&P 500
AMZN|2026-07-25,closed,AMZN,General,,2026-07-25,1.63,7.0,True,1.27,1.6,,Consumer Discretionary,stock,S&P 500
AVGO|2026-07-25,closed,AVGO,General,,2026-07-25,-2.03,10.77,True,2.01,2.46,,Information Technology,stock,S&P 500
AXP|2026-07-25,closed,AXP,General,,2026-07-25,-1.06,7.1,True,0.96,1.62,,Financials,stock,S&P 500
BAC|2026-07-25,closed,BAC,General,,2026-07-25,0.74,5.88,True,0.66,1.34,,Financials,stock,S&P 500
BA|2026-07-25,closed,BA,General,,2026-07-25,6.24,8.18,True,1.2,1.87,,Industrials,stock,S&P 500
CMCSA|2026-07-25,closed,CMCSA,General,,2026-07-25,5.18,9.23,True,0.03,2.11,,Communication Services,stock,S&P 500
CVX|2026-07-25,closed,CVX,General,,2026-07-25,-2.84,6.34,True,-0.69,1.45,,Energy,stock,S&P 500
DE|2026-07-25,closed,DE,General,,2026-07-25,-2.48,9.67,True,0.66,2.21,,Industrials,stock,S&P 500
DIS|2026-07-25,closed,DIS,General,,2026-07-25,3.79,7.31,True,0.77,1.67,,Communication Services,stock,S&P 500
GEV|2026-07-25,closed,GEV,ESG,E,2026-07-25,-7.47,12.29,True,1.86,2.8,True,Industrials,stock,S&P 500
GE|2026-07-25,closed,GE,General,,2026-07-25,1.19,9.14,True,1.37,2.08,,Industrials,stock,S&P 500
GS|2026-07-25,closed,GS,General,,2026-07-25,-5.3,6.7,True,1.57,1.53,,Financials,stock,S&P 500
INTC|2026-07-25,closed,INTC,ESG,E,2026-07-25,-11.26,21.68,True,3.03,4.95,False,Information Technology,stock,S&P 500
JPM|2026-07-25,closed,JPM,General,,2026-07-25,0.87,5.96,True,0.7,1.36,,Financials,stock,S&P 500
KMI|2026-07-25,closed,KMI,General,,2026-07-25,-4.14,5.78,True,-0.21,1.32,,Energy,stock,S&P 500
MA|2026-07-25,closed,MA,General,,2026-07-25,9.8,6.83,False,0.28,1.56,,Financials,stock,S&P 500
META|2026-07-25,closed,META,ESG,E,2026-07-25,-12.7,10.74,False,1.54,2.45,False,Communication Services,stock,S&P 500
MSFT|2026-07-25,closed,MSFT,General,,2026-07-25,19.53,9.01,False,0.81,2.06,,Information Technology,stock,S&P 500
MS|2026-07-25,closed,MS,General,,2026-07-25,-2.82,6.68,True,1.34,1.52,,Financials,stock,S&P 500
MU|2026-07-25,closed,MU,General,,2026-07-25,-16.53,21.57,True,3.23,4.92,,Information Technology,stock,S&P 500
NFLX|2026-07-25,closed,NFLX,General,,2026-07-25,6.52,10.8,True,0.22,2.46,,Communication Services,stock,S&P 500
NVDA|2026-07-25,closed,NVDA,General,,2026-07-25,-7.91,7.84,False,1.89,1.79,,Information Technology,stock,S&P 500
RTX|2026-07-25,closed,RTX,General,,2026-07-25,1.37,7.47,True,0.37,1.7,,Industrials,stock,S&P 500
SLB|2026-07-25,closed,SLB,General,,2026-07-25,3.54,9.36,True,0.75,2.14,,Energy,stock,S&P 500
TSLA|2026-07-25,closed,TSLA,ESG,E,2026-07-25,-4.58,9.54,True,2.0,2.18,False,Consumer Discretionary,stock,S&P 500
UBER|2026-07-25,closed,UBER,ESG,E,2026-07-25,1.28,9.38,True,0.91,2.14,True,Industrials,stock,S&P 500
VRT|2026-07-25,closed,VRT,General,,2026-07-25,-30.02,17.1,False,2.48,3.9,,Industrials,stock,S&P 500
V|2026-07-25,closed,V,ESG,E,2026-07-25,3.72,6.59,True,0.31,1.5,False,Financials,stock,S&P 500
WBD|2026-07-25,closed,WBD,General,,2026-07-25,-1.49,3.79,True,0.43,0.86,,Communication Services,stock,S&P 500
WFC|2026-07-25,closed,WFC,General,,2026-07-25,-0.81,7.51,True,0.62,1.71,,Financials,stock,S&P 500
AAPL|2026-07-24,closed,AAPL,General,,2026-07-24,6.34,6.68,True,0.87,1.52,,Information Technology,stock,S&P 500
AMAT|2026-07-24,closed,AMAT,General,,2026-07-24,-18.86,14.84,False,2.64,3.39,,Information Technology,stock,S&P 500
AMD|2026-07-24,closed,AMD,ESG,E,2026-07-24,-21.16,16.48,False,3.35,3.76,False,Information Technology,stock,S&P 500
AMZN|2026-07-24,closed,AMZN,General,,2026-07-24,-3.1,6.99,True,1.28,1.59,,Consumer Discretionary,stock,S&P 500
AVGO|2026-07-24,closed,AVGO,General,,2026-07-24,-1.53,10.76,True,2.01,2.46,,Information Technology,stock,S&P 500
AXP|2026-07-24,closed,AXP,General,,2026-07-24,-1.81,7.1,True,0.95,1.62,,Financials,stock,S&P 500
BAC|2026-07-24,closed,BAC,ESG,E,2026-07-24,1.14,5.88,True,0.66,1.34,False,Financials,stock,S&P 500
BA|2026-07-24,closed,BA,General,,2026-07-24,5.74,8.21,True,1.2,1.87,,Industrials,stock,S&P 500
BLK|2026-07-24,closed,BLK,ESG,E,2026-07-24,8.27,6.59,False,1.29,1.5,False,Financials,stock,S&P 500
BRK-B|2026-07-24,closed,BRK-B,General,,2026-07-24,4.21,4.36,True,0.08,0.99,,Financials,stock,S&P 500
CAT|2026-07-24,closed,CAT,ESG,E,2026-07-24,-11.01,9.78,False,1.81,2.23,True,Industrials,stock,S&P 500
CMCSA|2026-07-24,closed,CMCSA,ESG,E,2026-07-24,4.47,9.23,True,0.03,2.1,False,Communication Services,stock,S&P 500
COP|2026-07-24,closed,COP,General,,2026-07-24,-2.93,8.18,True,-0.78,1.87,,Energy,stock,S&P 500
CVX|2026-07-24,closed,CVX,ESG,E,2026-07-24,-2.21,6.32,True,-0.7,1.44,True,Energy,stock,S&P 500
C|2026-07-24,closed,C,General,,2026-07-24,-1.39,7.19,True,1.37,1.64,,Financials,stock,S&P 500
DIS|2026-07-24,closed,DIS,General,,2026-07-24,4.87,7.31,True,0.77,1.67,,Communication Services,stock,S&P 500
EA|2026-07-24,closed,EA,General,,2026-07-24,0.19,1.72,True,0.11,0.39,,Communication Services,stock,S&P 500
ETN|2026-07-24,closed,ETN,General,,2026-07-24,-8.97,9.44,True,1.65,2.15,,Industrials,stock,S&P 500
GE|2026-07-24,closed,GE,General,,2026-07-24,5.32,9.14,True,1.37,2.08,,Industrials,stock,S&P 500
GOOGL|2026-07-24,closed,GOOGL,ESG,E,2026-07-24,-0.33,7.16,True,1.3,1.63,False,Communication Services,stock,S&P 500
GS|2026-07-24,closed,GS,General,,2026-07-24,-6.91,6.9,False,1.58,1.58,,Financials,stock,S&P 500
INTC|2026-07-24,closed,INTC,ESG,E,2026-07-24,-19.14,21.63,True,3.04,4.94,False,Information Technology,stock,S&P 500
JPM|2026-07-24,closed,JPM,General,,2026-07-24,1.59,5.96,True,0.7,1.36,,Financials,stock,S&P 500
KMI|2026-07-24,closed,KMI,ESG,E,2026-07-24,-3.53,5.77,True,-0.21,1.32,True,Energy,stock,S&P 500
LRCX|2026-07-24,closed,LRCX,General,,2026-07-24,-17.64,14.48,False,3.14,3.3,,Information Technology,stock,S&P 500
MA|2026-07-24,closed,MA,General,,2026-07-24,6.69,6.83,True,0.28,1.56,,Financials,stock,S&P 500
META|2026-07-24,closed,META,General,,2026-07-24,-2.49,10.52,True,1.52,2.4,,Communication Services,stock,S&P 500
MSFT|2026-07-24,closed,MSFT,General,,2026-07-24,4.19,9.02,True,0.81,2.06,,Information Technology,stock,S&P 500
MS|2026-07-24,closed,MS,General,,2026-07-24,-4.18,7.02,True,1.35,1.6,,Financials,stock,S&P 500
MU|2026-07-24,closed,MU,General,,2026-07-24,-19.82,21.52,True,3.24,4.91,,Information Technology,stock,S&P 500
NFLX|2026-07-24,closed,NFLX,General,,2026-07-24,5.35,10.75,True,0.22,2.45,,Communication Services,stock,S&P 500
NVDA|2026-07-24,closed,NVDA,ESG,S,2026-07-24,-6.55,7.75,True,1.88,1.77,True,Information Technology,stock,S&P 500
PSX|2026-07-24,closed,PSX,General,,2026-07-24,-4.34,8.64,True,-0.5,1.97,,Energy,stock,S&P 500
RTX|2026-07-24,closed,RTX,ESG,E,2026-07-24,12.07,7.47,False,0.37,1.71,True,Industrials,stock,S&P 500
SLB|2026-07-24,closed,SLB,General,,2026-07-24,5.93,9.37,True,0.75,2.14,,Energy,stock,S&P 500
TMUS|2026-07-24,closed,TMUS,General,,2026-07-24,-6.26,7.91,True,-0.56,1.81,,Communication Services,stock,S&P 500
TSLA|2026-07-24,closed,TSLA,ESG,E,2026-07-24,-16.12,9.54,False,2.0,2.18,False,Consumer Discretionary,stock,S&P 500
UBER|2026-07-24,closed,UBER,ESG,S,2026-07-24,2.51,9.38,True,0.91,2.14,True,Industrials,stock,S&P 500
UNP|2026-07-24,closed,UNP,ESG,S,2026-07-24,-0.91,6.98,True,0.3,1.59,True,Industrials,stock,S&P 500
VLO|2026-07-24,closed,VLO,ESG,E,2026-07-24,-6.01,10.46,True,-0.68,2.39,True,Energy,stock,S&P 500
VRT|2026-07-24,closed,VRT,General,,2026-07-24,-24.07,17.05,False,2.49,3.89,,Industrials,stock,S&P 500
XOM|2026-07-24,closed,XOM,ESG,E,2026-07-24,-0.13,7.51,True,-0.73,1.71,True,Energy,stock,S&P 500
AAPL|2026-07-23,closed,AAPL,General,,2026-07-23,3.61,6.68,True,0.87,1.52,,Information Technology,stock,S&P 500
AMAT|2026-07-23,closed,AMAT,General,,2026-07-23,-17.25,14.84,False,2.64,3.39,,Information Technology,stock,S&P 500
AMD|2026-07-23,closed,AMD,ESG,S,2026-07-23,-15.84,16.48,True,3.32,3.76,True,Information Technology,stock,S&P 500
AMZN|2026-07-23,closed,AMZN,General,,2026-07-23,-5.07,7.02,True,1.29,1.6,,Consumer Discretionary,stock,S&P 500
AVGO|2026-07-23,closed,AVGO,General,,2026-07-23,0.71,10.81,True,2.02,2.47,,Information Technology,stock,S&P 500
AXP|2026-07-23,closed,AXP,General,,2026-07-23,-3.16,7.03,True,0.93,1.61,,Financials,stock,S&P 500
BAC|2026-07-23,closed,BAC,ESG,G,2026-07-23,2.17,6.03,True,0.68,1.38,True,Financials,stock,S&P 500
BA|2026-07-23,closed,BA,ESG,S,2026-07-23,7.43,8.19,True,1.22,1.87,True,Industrials,stock,S&P 500
BLK|2026-07-23,closed,BLK,ESG,E,2026-07-23,6.02,6.55,True,1.26,1.49,False,Financials,stock,S&P 500
BRK-B|2026-07-23,closed,BRK-B,ESG,G,2026-07-23,3.75,4.36,True,0.08,0.99,True,Financials,stock,S&P 500
BX|2026-07-23,closed,BX,ESG,E,2026-07-23,9.41,9.91,True,1.47,2.26,False,Financials,stock,S&P 500
CAT|2026-07-23,closed,CAT,General,,2026-07-23,-6.11,9.73,True,1.83,2.22,,Industrials,stock,S&P 500
CMCSA|2026-07-23,closed,CMCSA,General,,2026-07-23,3.08,9.23,True,0.01,2.11,,Communication Services,stock,S&P 500
CSCO|2026-07-23,closed,CSCO,General,,2026-07-23,4.24,10.23,True,1.2,2.33,,Information Technology,stock,S&P 500
CVX|2026-07-23,closed,CVX,ESG,ES,2026-07-23,-2.38,6.34,True,-0.7,1.45,True,Energy,stock,S&P 500
EA|2026-07-23,closed,EA,General,,2026-07-23,0.09,1.69,True,0.1,0.39,,Communication Services,stock,S&P 500
GEV|2026-07-23,closed,GEV,ESG,E,2026-07-23,-14.03,12.28,False,1.87,2.8,True,Industrials,stock,S&P 500
GE|2026-07-23,closed,GE,ESG,E,2026-07-23,6.9,9.16,True,1.38,2.09,True,Industrials,stock,S&P 500
GOOGL|2026-07-23,closed,GOOGL,General,,2026-07-23,-2.74,7.12,True,1.31,1.62,,Communication Services,stock,S&P 500
GS|2026-07-23,closed,GS,General,,2026-07-23,-2.7,6.89,True,1.57,1.57,,Financials,stock,S&P 500
INTC|2026-07-23,closed,INTC,General,,2026-07-23,-18.52,21.69,True,3.02,4.95,,Information Technology,stock,S&P 500
JPM|2026-07-23,closed,JPM,ESG,E,2026-07-23,3.72,5.96,True,0.69,1.36,False,Financials,stock,S&P 500
KMI|2026-07-23,closed,KMI,ESG,E,2026-07-23,-2.67,5.77,True,-0.21,1.32,True,Energy,stock,S&P 500
LRCX|2026-07-23,closed,LRCX,General,,2026-07-23,-15.94,14.43,False,3.13,3.29,,Information Technology,stock,S&P 500
MA|2026-07-23,closed,MA,General,,2026-07-23,4.09,6.83,True,0.27,1.56,,Financials,stock,S&P 500
META|2026-07-23,closed,META,ESG,E,2026-07-23,-6.86,10.45,True,1.5,2.38,False,Communication Services,stock,S&P 500
MPC|2026-07-23,closed,MPC,General,,2026-07-23,-5.65,10.17,True,-0.44,2.32,,Energy,stock,S&P 500
MSFT|2026-07-23,closed,MSFT,General,,2026-07-23,1.7,9.04,True,0.82,2.06,,Information Technology,stock,S&P 500
MS|2026-07-23,closed,MS,General,,2026-07-23,-1.47,7.02,True,1.35,1.6,,Financials,stock,S&P 500
MU|2026-07-23,closed,MU,General,,2026-07-23,-18.34,21.52,True,3.23,4.91,,Information Technology,stock,S&P 500
NFLX|2026-07-23,closed,NFLX,General,,2026-07-23,10.41,10.77,True,0.24,2.46,,Communication Services,stock,S&P 500
NVDA|2026-07-23,closed,NVDA,General,,2026-07-23,-1.54,7.71,True,1.9,1.76,,Information Technology,stock,S&P 500
RTX|2026-07-23,closed,RTX,General,,2026-07-23,10.48,7.55,False,0.35,1.72,,Industrials,stock,S&P 500
SLB|2026-07-23,closed,SLB,General,,2026-07-23,9.62,9.42,False,0.74,2.15,,Energy,stock,S&P 500
TMUS|2026-07-23,closed,TMUS,General,,2026-07-23,-4.0,7.91,True,-0.58,1.8,,Communication Services,stock,S&P 500
TSLA|2026-07-23,closed,TSLA,General,,2026-07-23,-17.42,9.51,False,1.99,2.17,,Consumer Discretionary,stock,S&P 500
UBER|2026-07-23,closed,UBER,General,,2026-07-23,-0.83,9.38,True,0.91,2.14,,Industrials,stock,S&P 500
UNP|2026-07-23,closed,UNP,ESG,S,2026-07-23,-0.0,6.98,True,0.3,1.59,True,Industrials,stock,S&P 500
VLO|2026-07-23,closed,VLO,ESG,E,2026-07-23,-6.9,10.49,True,-0.68,2.39,True,Energy,stock,S&P 500
VRT|2026-07-23,closed,VRT,General,,2026-07-23,-12.74,17.05,True,2.49,3.89,,Industrials,stock,S&P 500
V|2026-07-23,closed,V,General,,2026-07-23,2.85,6.59,True,0.3,1.5,,Financials,stock,S&P 500
XOM|2026-07-23,closed,XOM,ESG,E,2026-07-23,-0.24,7.52,True,-0.73,1.71,True,Energy,stock,S&P 500
AAPL|2026-07-22,closed,AAPL,General,,2026-07-22,3.89,6.67,True,0.87,1.52,,Information Technology,stock,S&P 500
AMD|2026-07-22,closed,AMD,General,,2026-07-22,-2.97,16.68,True,3.31,3.81,,Information Technology,stock,S&P 500
AMZN|2026-07-22,closed,AMZN,General,,2026-07-22,-6.73,7.04,True,1.29,1.61,,Consumer Discretionary,stock,S&P 500
AVGO|2026-07-22,closed,AVGO,General,,2026-07-22,2.28,10.6,True,2.04,2.42,,Information Technology,stock,S&P 500
AXP|2026-07-22,closed,AXP,General,,2026-07-22,-3.96,6.9,True,0.92,1.57,,Financials,stock,S&P 500
BAC|2026-07-22,closed,BAC,General,,2026-07-22,2.5,5.96,True,0.67,1.36,,Financials,stock,S&P 500
BA|2026-07-22,closed,BA,General,,2026-07-22,2.37,8.18,True,1.2,1.87,,Industrials,stock,S&P 500
BRK-B|2026-07-22,closed,BRK-B,General,,2026-07-22,1.27,4.31,True,0.08,0.98,,Financials,stock,S&P 500
CAT|2026-07-22,closed,CAT,General,,2026-07-22,0.75,9.73,True,1.83,2.22,,Industrials,stock,S&P 500
CMCSA|2026-07-22,closed,CMCSA,General,,2026-07-22,-3.7,9.26,True,0.02,2.11,,Communication Services,stock,S&P 500
CSCO|2026-07-22,closed,CSCO,General,,2026-07-22,1.83,10.23,True,1.2,2.33,,Information Technology,stock,S&P 500
CVX|2026-07-22,closed,CVX,General,,2026-07-22,-1.03,6.34,True,-0.7,1.45,,Energy,stock,S&P 500
C|2026-07-22,closed,C,General,,2026-07-22,3.26,7.23,True,1.38,1.65,,Financials,stock,S&P 500
DIS|2026-07-22,closed,DIS,General,,2026-07-22,1.35,7.31,True,0.77,1.67,,Communication Services,stock,S&P 500
GEV|2026-07-22,closed,GEV,ESG,E,2026-07-22,-7.33,12.3,True,1.87,2.81,True,Industrials,stock,S&P 500
GE|2026-07-22,closed,GE,General,,2026-07-22,6.75,9.12,True,1.37,2.08,,Industrials,stock,S&P 500
GOOGL|2026-07-22,closed,GOOGL,General,,2026-07-22,-6.68,7.13,True,1.31,1.63,,Communication Services,stock,S&P 500
GS|2026-07-22,closed,GS,General,,2026-07-22,0.44,6.89,True,1.57,1.57,,Financials,stock,S&P 500
INTC|2026-07-22,closed,INTC,General,,2026-07-22,-8.38,21.88,True,3.0,4.99,,Information Technology,stock,S&P 500
JPM|2026-07-22,closed,JPM,General,,2026-07-22,5.12,6.11,True,0.7,1.39,,Financials,stock,S&P 500
LRCX|2026-07-22,closed,LRCX,General,,2026-07-22,-4.41,14.42,True,3.14,3.29,,Information Technology,stock,S&P 500
MA|2026-07-22,closed,MA,General,,2026-07-22,1.52,6.94,True,0.28,1.58,,Financials,stock,S&P 500
META|2026-07-22,closed,META,General,,2026-07-22,-7.45,10.44,True,1.5,2.38,,Communication Services,stock,S&P 500
MPC|2026-07-22,closed,MPC,General,,2026-07-22,-4.05,9.98,True,-0.42,2.28,,Energy,stock,S&P 500
MSFT|2026-07-22,closed,MSFT,General,,2026-07-22,-1.36,9.04,True,0.82,2.06,,Information Technology,stock,S&P 500
MS|2026-07-22,closed,MS,General,,2026-07-22,2.06,7.03,True,1.35,1.6,,Financials,stock,S&P 500
MU|2026-07-22,closed,MU,General,,2026-07-22,0.18,21.54,True,3.24,4.91,,Information Technology,stock,S&P 500
NFLX|2026-07-22,closed,NFLX,General,,2026-07-22,5.06,10.78,True,0.23,2.46,,Communication Services,stock,S&P 500
NVDA|2026-07-22,closed,NVDA,General,,2026-07-22,-1.65,7.52,True,1.92,1.72,,Information Technology,stock,S&P 500
PSX|2026-07-22,closed,PSX,General,,2026-07-22,-2.92,8.48,True,-0.5,1.93,,Energy,stock,S&P 500
RTX|2026-07-22,closed,RTX,General,,2026-07-22,11.05,7.46,False,0.34,1.7,,Industrials,stock,S&P 500
TSLA|2026-07-22,closed,TSLA,General,,2026-07-22,-14.98,9.5,False,1.98,2.17,,Consumer Discretionary,stock,S&P 500
TTWO|2026-07-22,closed,TTWO,General,,2026-07-22,2.11,9.6,True,0.81,2.19,,Communication Services,stock,S&P 500
UBER|2026-07-22,closed,UBER,General,,2026-07-22,-4.74,9.39,True,0.9,2.14,,Industrials,stock,S&P 500
VRT|2026-07-22,closed,VRT,General,,2026-07-22,-2.22,16.98,True,2.5,3.87,,Industrials,stock,S&P 500
V|2026-07-22,closed,V,General,,2026-07-22,0.54,6.81,True,0.31,1.55,,Financials,stock,S&P 500
WBD|2026-07-22,closed,WBD,General,,2026-07-22,-3.82,3.81,False,0.41,0.87,,Communication Services,stock,S&P 500
WFC|2026-07-22,closed,WFC,General,,2026-07-22,1.52,7.68,True,0.63,1.75,,Financials,stock,S&P 500
XOM|2026-07-22,closed,XOM,ESG,E,2026-07-22,2.48,7.54,True,-0.74,1.72,True,Energy,stock,S&P 500
AAPL|2026-07-21,closed,AAPL,ESG,E,2026-07-21,-0.52,6.66,True,0.87,1.52,False,Information Technology,stock,S&P 500
AMAT|2026-07-21,closed,AMAT,General,,2026-07-21,1.82,14.61,True,2.62,3.33,,Information Technology,stock,S&P 500
AMD|2026-07-21,closed,AMD,ESG,E,2026-07-21,4.95,16.52,True,3.28,3.77,False,Information Technology,stock,S&P 500
AMZN|2026-07-21,closed,AMZN,General,,2026-07-21,-4.67,7.02,True,1.3,1.6,,Consumer Discretionary,stock,S&P 500
AVGO|2026-07-21,closed,AVGO,ESG,E,2026-07-21,4.13,10.63,True,2.04,2.42,False,Information Technology,stock,S&P 500
AXP|2026-07-21,closed,AXP,General,,2026-07-21,-8.42,7.1,False,0.91,1.62,,Financials,stock,S&P 500
BAC|2026-07-21,closed,BAC,ESG,S,2026-07-21,1.73,5.99,True,0.67,1.37,False,Financials,stock,S&P 500
BA|2026-07-21,closed,BA,General,,2026-07-21,-0.84,8.22,True,1.2,1.88,,Industrials,stock,S&P 500
BRK-B|2026-07-21,closed,BRK-B,General,,2026-07-21,0.5,4.3,True,0.07,0.98,,Financials,stock,S&P 500
CAT|2026-07-21,closed,CAT,General,,2026-07-21,0.02,9.7,True,1.82,2.21,,Industrials,stock,S&P 500
CMCSA|2026-07-21,closed,CMCSA,General,,2026-07-21,-6.36,9.31,True,0.02,2.12,,Communication Services,stock,S&P 500
COP|2026-07-21,closed,COP,General,,2026-07-21,3.99,8.11,True,-0.76,1.85,,Energy,stock,S&P 500
CSCO|2026-07-21,closed,CSCO,General,,2026-07-21,0.13,10.21,True,1.19,2.33,,Information Technology,stock,S&P 500
CVX|2026-07-21,closed,CVX,ESG,E,2026-07-21,3.28,6.22,True,-0.68,1.42,True,Energy,stock,S&P 500
C|2026-07-21,closed,C,General,,2026-07-21,1.81,7.32,True,1.37,1.67,,Financials,stock,S&P 500
EOG|2026-07-21,closed,EOG,General,,2026-07-21,2.92,7.54,True,-0.8,1.72,,Energy,stock,S&P 500
ETN|2026-07-21,closed,ETN,ESG,E,2026-07-21,1.07,9.33,True,1.63,2.13,True,Industrials,stock,S&P 500
GEV|2026-07-21,closed,GEV,ESG,E,2026-07-21,-4.97,12.09,True,1.84,2.76,True,Industrials,stock,S&P 500
GE|2026-07-21,closed,GE,ESG,E,2026-07-21,1.61,9.06,True,1.36,2.07,True,Industrials,stock,S&P 500
GOOGL|2026-07-21,closed,GOOGL,ESG,E,2026-07-21,-6.86,7.14,True,1.31,1.63,False,Communication Services,stock,S&P 500
GS|2026-07-21,closed,GS,General,,2026-07-21,0.14,6.89,True,1.57,1.57,,Financials,stock,S&P 500
INTC|2026-07-21,closed,INTC,ESG,S,2026-07-21,-2.31,21.65,True,2.95,4.94,True,Information Technology,stock,S&P 500
JPM|2026-07-21,closed,JPM,General,,2026-07-21,3.36,6.13,True,0.7,1.4,,Financials,stock,S&P 500
KMI|2026-07-21,closed,KMI,General,,2026-07-21,0.77,5.74,True,-0.2,1.31,,Energy,stock,S&P 500
LRCX|2026-07-21,closed,LRCX,General,,2026-07-21,-1.07,14.24,True,3.11,3.25,,Information Technology,stock,S&P 500
MA|2026-07-21,closed,MA,General,,2026-07-21,-0.9,6.97,True,0.27,1.59,,Financials,stock,S&P 500
META|2026-07-21,closed,META,General,,2026-07-21,-5.39,10.38,True,1.52,2.37,,Communication Services,stock,S&P 500
MSFT|2026-07-21,closed,MSFT,ESG,ES,2026-07-21,-1.38,9.03,True,0.83,2.06,True,Information Technology,stock,S&P 500
MS|2026-07-21,closed,MS,General,,2026-07-21,0.12,7.03,True,1.35,1.6,,Financials,stock,S&P 500
MU|2026-07-21,closed,MU,General,,2026-07-21,5.54,21.48,True,3.22,4.9,,Information Technology,stock,S&P 500
NFLX|2026-07-21,closed,NFLX,General,,2026-07-21,3.14,10.77,True,0.23,2.46,,Communication Services,stock,S&P 500
NVDA|2026-07-21,closed,NVDA,General,,2026-07-21,4.22,7.5,True,1.92,1.71,,Information Technology,stock,S&P 500
RTX|2026-07-21,closed,RTX,General,,2026-07-21,9.87,7.54,False,0.34,1.72,,Industrials,stock,S&P 500
SLB|2026-07-21,closed,SLB,ESG,E,2026-07-21,11.35,9.37,False,0.75,2.14,True,Energy,stock,S&P 500
TSLA|2026-07-21,closed,TSLA,ESG,E,2026-07-21,-18.3,9.42,False,1.97,2.15,False,Consumer Discretionary,stock,S&P 500
UBER|2026-07-21,closed,UBER,General,,2026-07-21,-2.95,9.31,True,0.92,2.12,,Industrials,stock,S&P 500
VLO|2026-07-21,closed,VLO,ESG,E,2026-07-21,-4.23,10.29,True,-0.68,2.35,True,Energy,stock,S&P 500
VRT|2026-07-21,closed,VRT,General,,2026-07-21,0.8,16.97,True,2.49,3.87,,Industrials,stock,S&P 500
V|2026-07-21,closed,V,General,,2026-07-21,-1.36,6.84,True,0.3,1.56,,Financials,stock,S&P 500
WBD|2026-07-21,closed,WBD,ESG,G,2026-07-21,-1.93,3.86,True,0.41,0.88,True,Communication Services,stock,S&P 500
AAPL|2026-07-20,closed,AAPL,General,,2026-07-20,-2.7,6.66,True,0.86,1.52,,Information Technology,stock,S&P 500
AMAT|2026-07-20,closed,AMAT,General,,2026-07-20,2.14,14.64,True,2.68,3.34,,Information Technology,stock,S&P 500
AMD|2026-07-20,closed,AMD,General,,2026-07-20,7.63,16.52,True,3.23,3.77,,Information Technology,stock,S&P 500
AMZN|2026-07-20,closed,AMZN,ESG,ES,2026-07-20,-3.94,7.02,True,1.29,1.6,True,Consumer Discretionary,stock,S&P 500
AVGO|2026-07-20,closed,AVGO,ESG,E,2026-07-20,7.77,10.63,True,2.04,2.43,False,Information Technology,stock,S&P 500
AXP|2026-07-20,closed,AXP,General,,2026-07-20,-3.61,7.16,True,0.89,1.63,,Financials,stock,S&P 500
BAC|2026-07-20,closed,BAC,General,,2026-07-20,0.25,5.97,True,0.65,1.36,,Financials,stock,S&P 500
BA|2026-07-20,closed,BA,ESG,G,2026-07-20,-1.03,8.2,True,1.2,1.87,True,Industrials,stock,S&P 500
CMCSA|2026-07-20,closed,CMCSA,General,,2026-07-20,-5.92,9.29,True,0.03,2.12,,Communication Services,stock,S&P 500
COP|2026-07-20,closed,COP,General,,2026-07-20,5.52,8.11,True,-0.76,1.85,,Energy,stock,S&P 500
CSCO|2026-07-20,closed,CSCO,General,,2026-07-20,3.13,10.22,True,1.18,2.33,,Information Technology,stock,S&P 500
CVX|2026-07-20,closed,CVX,ESG,E,2026-07-20,4.97,6.28,True,-0.67,1.43,True,Energy,stock,S&P 500
C|2026-07-20,closed,C,General,,2026-07-20,1.77,7.29,True,1.36,1.66,,Financials,stock,S&P 500
DIS|2026-07-20,closed,DIS,General,,2026-07-20,-4.57,7.32,True,0.8,1.67,,Communication Services,stock,S&P 500
ETN|2026-07-20,closed,ETN,General,,2026-07-20,6.05,9.27,True,1.62,2.12,,Industrials,stock,S&P 500
GEV|2026-07-20,closed,GEV,General,,2026-07-20,0.34,12.11,True,1.81,2.76,,Industrials,stock,S&P 500
GE|2026-07-20,closed,GE,ESG,E,2026-07-20,2.57,9.07,True,1.37,2.07,True,Industrials,stock,S&P 500
GOOGL|2026-07-20,closed,GOOGL,General,,2026-07-20,-7.96,7.13,False,1.3,1.63,,Communication Services,stock,S&P 500
GS|2026-07-20,closed,GS,General,,2026-07-20,1.05,6.84,True,1.55,1.56,,Financials,stock,S&P 500
INTC|2026-07-20,closed,INTC,General,,2026-07-20,5.07,21.89,True,3.01,4.99,,Information Technology,stock,S&P 500
JPM|2026-07-20,closed,JPM,General,,2026-07-20,2.8,6.13,True,0.69,1.4,,Financials,stock,S&P 500
KMI|2026-07-20,closed,KMI,General,,2026-07-20,-1.52,5.73,True,-0.2,1.31,,Energy,stock,S&P 500
LRCX|2026-07-20,closed,LRCX,General,,2026-07-20,3.37,14.41,True,3.17,3.29,,Information Technology,stock,S&P 500
META|2026-07-20,closed,META,General,,2026-07-20,-5.71,10.35,True,1.5,2.36,,Communication Services,stock,S&P 500
MSFT|2026-07-20,closed,MSFT,ESG,E,2026-07-20,-2.44,9.02,True,0.84,2.06,False,Information Technology,stock,S&P 500
MS|2026-07-20,closed,MS,General,,2026-07-20,0.51,6.94,True,1.33,1.58,,Financials,stock,S&P 500
MU|2026-07-20,closed,MU,ESG,E,2026-07-20,16.37,21.49,True,3.25,4.9,False,Information Technology,stock,S&P 500
NFLX|2026-07-20,closed,NFLX,General,,2026-07-20,-5.31,10.75,True,0.24,2.45,,Communication Services,stock,S&P 500
NVDA|2026-07-20,closed,NVDA,General,,2026-07-20,4.49,7.5,True,1.92,1.71,,Information Technology,stock,S&P 500
PSX|2026-07-20,closed,PSX,ESG,G,2026-07-20,2.17,8.55,True,-0.51,1.95,True,Energy,stock,S&P 500
RTX|2026-07-20,closed,RTX,General,,2026-07-20,8.02,7.54,False,0.34,1.72,,Industrials,stock,S&P 500
SLB|2026-07-20,closed,SLB,General,,2026-07-20,1.64,9.38,True,0.75,2.14,,Energy,stock,S&P 500
STT|2026-07-20,closed,STT,ESG,E,2026-07-20,0.37,6.43,True,0.94,1.47,False,Financials,stock,S&P 500
TMUS|2026-07-20,closed,TMUS,General,,2026-07-20,-8.52,7.95,False,-0.58,1.81,,Communication Services,stock,S&P 500
TSLA|2026-07-20,closed,TSLA,ESG,E,2026-07-20,-14.24,9.17,False,1.94,2.09,False,Consumer Discretionary,stock,S&P 500
UNP|2026-07-20,closed,UNP,ESG,S,2026-07-20,1.87,6.98,True,0.3,1.59,True,Industrials,stock,S&P 500
VLO|2026-07-20,closed,VLO,ESG,E,2026-07-20,0.08,10.36,True,-0.71,2.36,True,Energy,stock,S&P 500
VRT|2026-07-20,closed,VRT,General,,2026-07-20,4.58,16.9,True,2.46,3.86,,Industrials,stock,S&P 500
WFC|2026-07-20,closed,WFC,ESG,E,2026-07-20,-0.3,7.65,True,0.62,1.75,False,Financials,stock,S&P 500
XOM|2026-07-20,closed,XOM,General,,2026-07-20,5.68,7.45,True,-0.71,1.7,,Energy,stock,S&P 500
AMD|2026-07-19,waiting,AMD,General,,2026-07-19,,,,,,,Information Technology,stock,S&P 500
AAPL|2026-07-19,closed,AAPL,General,,2026-07-19,-2.7,6.66,True,0.86,1.52,,Information Technology,stock,S&P 500
AMZN|2026-07-19,closed,AMZN,General,,2026-07-19,-3.94,7.02,True,1.29,1.6,,Consumer Discretionary,stock,S&P 500
BA|2026-07-19,closed,BA,General,,2026-07-19,-1.03,8.2,True,1.2,1.87,,Industrials,stock,S&P 500
CMCSA|2026-07-19,closed,CMCSA,General,,2026-07-19,-5.92,9.29,True,0.03,2.12,,Communication Services,stock,S&P 500
C|2026-07-19,closed,C,General,,2026-07-19,1.77,7.29,True,1.36,1.66,,Financials,stock,S&P 500
GE|2026-07-19,closed,GE,ESG,E,2026-07-19,2.57,9.07,True,1.37,2.07,True,Industrials,stock,S&P 500
GS|2026-07-19,closed,GS,General,,2026-07-19,1.05,6.84,True,1.55,1.56,,Financials,stock,S&P 500
INTC|2026-07-19,closed,INTC,General,,2026-07-19,5.07,21.89,True,3.01,4.99,,Information Technology,stock,S&P 500
MSFT|2026-07-19,closed,MSFT,General,,2026-07-19,-2.44,9.02,True,0.84,2.06,,Information Technology,stock,S&P 500
MS|2026-07-19,closed,MS,General,,2026-07-19,0.51,6.94,True,1.33,1.58,,Financials,stock,S&P 500
NFLX|2026-07-19,closed,NFLX,ESG,G,2026-07-19,-5.31,10.75,True,0.24,2.45,True,Communication Services,stock,S&P 500
NVDA|2026-07-19,closed,NVDA,General,,2026-07-19,4.49,7.5,True,1.92,1.71,,Information Technology,stock,S&P 500
TSLA|2026-07-19,closed,TSLA,General,,2026-07-19,-14.24,9.17,False,1.94,2.09,,Consumer Discretionary,stock,S&P 500
UBER|2026-07-19,closed,UBER,General,,2026-07-19,-4.55,9.29,True,0.92,2.12,,Industrials,stock,S&P 500
AAPL|2026-07-18,closed,AAPL,General,,2026-07-18,-2.7,6.66,True,0.86,1.52,,Information Technology,stock,S&P 500
AMD|2026-07-18,closed,AMD,General,,2026-07-18,7.63,16.52,True,3.23,3.77,,Information Technology,stock,S&P 500
AMZN|2026-07-18,closed,AMZN,General,,2026-07-18,-3.94,7.02,True,1.29,1.6,,Consumer Discretionary,stock,S&P 500
AXP|2026-07-18,closed,AXP,General,,2026-07-18,-3.61,7.16,True,0.89,1.63,,Financials,stock,S&P 500
BAC|2026-07-18,closed,BAC,General,,2026-07-18,0.25,5.97,True,0.65,1.36,,Financials,stock,S&P 500
BA|2026-07-18,closed,BA,General,,2026-07-18,-1.03,8.2,True,1.2,1.87,,Industrials,stock,S&P 500
BRK-B|2026-07-18,closed,BRK-B,General,,2026-07-18,-0.3,4.3,True,0.07,0.98,,Financials,stock,S&P 500
COP|2026-07-18,closed,COP,ESG,E,2026-07-18,5.52,8.11,True,-0.76,1.85,True,Energy,stock,S&P 500
CSCO|2026-07-18,closed,CSCO,General,,2026-07-18,3.13,10.22,True,1.18,2.33,,Information Technology,stock,S&P 500
CVX|2026-07-18,closed,CVX,ESG,E,2026-07-18,4.97,6.28,True,-0.67,1.43,True,Energy,stock,S&P 500
DE|2026-07-18,closed,DE,General,,2026-07-18,3.46,9.58,True,0.59,2.19,,Industrials,stock,S&P 500
DIS|2026-07-18,closed,DIS,General,,2026-07-18,-4.57,7.32,True,0.8,1.67,,Communication Services,stock,S&P 500
EA|2026-07-18,closed,EA,General,,2026-07-18,0.82,1.69,True,0.1,0.39,,Communication Services,stock,S&P 500
GE|2026-07-18,closed,GE,General,,2026-07-18,2.57,9.07,True,1.37,2.07,,Industrials,stock,S&P 500
GOOGL|2026-07-18,closed,GOOGL,General,,2026-07-18,-7.96,7.13,False,1.3,1.63,,Communication Services,stock,S&P 500
GS|2026-07-18,closed,GS,General,,2026-07-18,1.05,6.84,True,1.55,1.56,,Financials,stock,S&P 500
INTC|2026-07-18,closed,INTC,General,,2026-07-18,5.07,21.89,True,3.01,4.99,,Information Technology,stock,S&P 500
JPM|2026-07-18,closed,JPM,General,,2026-07-18,2.8,6.13,True,0.69,1.4,,Financials,stock,S&P 500
META|2026-07-18,closed,META,General,,2026-07-18,-5.71,10.35,True,1.5,2.36,,Communication Services,stock,S&P 500
MSFT|2026-07-18,closed,MSFT,General,,2026-07-18,-2.44,9.02,True,0.84,2.06,,Information Technology,stock,S&P 500
MU|2026-07-18,closed,MU,General,,2026-07-18,16.37,21.49,True,3.25,4.9,,Information Technology,stock,S&P 500
NFLX|2026-07-18,closed,NFLX,ESG,E,2026-07-18,-5.31,10.75,True,0.24,2.45,False,Communication Services,stock,S&P 500
PSX|2026-07-18,closed,PSX,General,,2026-07-18,2.17,8.55,True,-0.51,1.95,,Energy,stock,S&P 500
TSLA|2026-07-18,closed,TSLA,ESG,E,2026-07-18,-14.24,9.17,False,1.94,2.09,False,Consumer Discretionary,stock,S&P 500
UBER|2026-07-18,closed,UBER,General,,2026-07-18,-4.55,9.29,True,0.92,2.12,,Industrials,stock,S&P 500
VLO|2026-07-18,closed,VLO,General,,2026-07-18,0.08,10.36,True,-0.71,2.36,,Energy,stock,S&P 500
WBD|2026-07-18,closed,WBD,General,,2026-07-18,-3.32,3.88,True,0.44,0.89,,Communication Services,stock,S&P 500
WFC|2026-07-18,closed,WFC,General,,2026-07-18,-0.3,7.65,True,0.62,1.75,,Financials,stock,S&P 500
XOM|2026-07-18,closed,XOM,ESG,E,2026-07-18,5.68,7.45,True,-0.71,1.7,True,Energy,stock,S&P 500
AAPL|2026-07-17,closed,AAPL,ESG,EG,2026-07-17,0.15,6.39,True,0.86,1.46,True,Information Technology,stock,S&P 500
AMAT|2026-07-17,closed,AMAT,General,,2026-07-17,-3.82,14.39,True,2.67,3.28,,Information Technology,stock,S&P 500
AMD|2026-07-17,closed,AMD,ESG,E,2026-07-17,5.42,16.45,True,3.23,3.75,False,Information Technology,stock,S&P 500
AMZN|2026-07-17,closed,AMZN,ESG,G,2026-07-17,-2.78,7.06,True,1.29,1.61,True,Consumer Discretionary,stock,S&P 500
AVGO|2026-07-17,closed,AVGO,General,,2026-07-17,3.03,10.67,True,2.04,2.43,,Information Technology,stock,S&P 500
AXP|2026-07-17,closed,AXP,General,,2026-07-17,-2.42,7.15,True,0.89,1.63,,Financials,stock,S&P 500
BAC|2026-07-17,closed,BAC,General,,2026-07-17,0.18,5.98,True,0.65,1.36,,Financials,stock,S&P 500
BA|2026-07-17,closed,BA,General,,2026-07-17,-4.14,8.07,True,1.2,1.84,,Industrials,stock,S&P 500
CAT|2026-07-17,closed,CAT,General,,2026-07-17,-1.25,9.63,True,1.82,2.2,,Industrials,stock,S&P 500
CMCSA|2026-07-17,closed,CMCSA,General,,2026-07-17,0.93,9.3,True,0.03,2.12,,Communication Services,stock,S&P 500
COP|2026-07-17,closed,COP,ESG,E,2026-07-17,6.31,8.33,True,-0.76,1.9,True,Energy,stock,S&P 500
CSCO|2026-07-17,closed,CSCO,General,,2026-07-17,-0.88,10.1,True,1.18,2.3,,Information Technology,stock,S&P 500
CVX|2026-07-17,closed,CVX,ESG,E,2026-07-17,6.02,6.3,True,-0.67,1.44,True,Energy,stock,S&P 500
C|2026-07-17,closed,C,General,,2026-07-17,-0.18,7.3,True,1.36,1.66,,Financials,stock,S&P 500
DE|2026-07-17,closed,DE,General,,2026-07-17,4.0,9.8,True,0.59,2.24,,Industrials,stock,S&P 500
EA|2026-07-17,closed,EA,General,,2026-07-17,0.75,1.69,True,0.1,0.39,,Communication Services,stock,S&P 500
ETN|2026-07-17,closed,ETN,General,,2026-07-17,0.23,9.17,True,1.61,2.09,,Industrials,stock,S&P 500
GE|2026-07-17,closed,GE,General,,2026-07-17,-3.28,9.15,True,1.37,2.09,,Industrials,stock,S&P 500
GOOGL|2026-07-17,closed,GOOGL,General,,2026-07-17,-4.82,7.14,True,1.3,1.63,,Communication Services,stock,S&P 500
GS|2026-07-17,closed,GS,General,,2026-07-17,-2.53,6.84,True,1.55,1.56,,Financials,stock,S&P 500
INTC|2026-07-17,closed,INTC,General,,2026-07-17,-0.31,21.82,True,3.01,4.98,,Information Technology,stock,S&P 500
JPM|2026-07-17,closed,JPM,General,,2026-07-17,0.95,6.14,True,0.69,1.4,,Financials,stock,S&P 500
KMI|2026-07-17,closed,KMI,General,,2026-07-17,-0.4,5.73,True,-0.2,1.31,,Energy,stock,S&P 500
LRCX|2026-07-17,closed,LRCX,General,,2026-07-17,-3.68,13.78,True,3.17,3.14,,Information Technology,stock,S&P 500
META|2026-07-17,closed,META,ESG,S,2026-07-17,-4.87,10.17,True,1.5,2.32,True,Communication Services,stock,S&P 500
MPC|2026-07-17,closed,MPC,General,,2026-07-17,4.46,10.0,True,-0.44,2.28,,Energy,stock,S&P 500
MSFT|2026-07-17,closed,MSFT,General,,2026-07-17,-0.16,9.0,True,0.84,2.05,,Information Technology,stock,S&P 500
MS|2026-07-17,closed,MS,General,,2026-07-17,-4.5,6.93,True,1.33,1.58,,Financials,stock,S&P 500
MU|2026-07-17,closed,MU,General,,2026-07-17,4.26,21.41,True,3.25,4.89,,Information Technology,stock,S&P 500
NFLX|2026-07-17,closed,NFLX,ESG,E,2026-07-17,-4.95,10.57,True,0.24,2.41,False,Communication Services,stock,S&P 500
NVDA|2026-07-17,closed,NVDA,General,,2026-07-17,3.38,7.53,True,1.92,1.72,,Information Technology,stock,S&P 500
RTX|2026-07-17,closed,RTX,General,,2026-07-17,0.22,7.38,True,0.34,1.68,,Industrials,stock,S&P 500
TSLA|2026-07-17,closed,TSLA,General,,2026-07-17,-2.97,8.7,True,1.93,1.98,,Consumer Discretionary,stock,S&P 500
TTWO|2026-07-17,closed,TTWO,General,,2026-07-17,-2.74,9.61,True,0.8,2.19,,Communication Services,stock,S&P 500
UBER|2026-07-17,closed,UBER,General,,2026-07-17,-2.13,9.26,True,0.92,2.11,,Industrials,stock,S&P 500
UNP|2026-07-17,closed,UNP,ESG,S,2026-07-17,1.18,7.01,True,0.3,1.6,True,Industrials,stock,S&P 500
V|2026-07-17,closed,V,General,,2026-07-17,-0.14,6.71,True,0.31,1.53,,Financials,stock,S&P 500
WFC|2026-07-17,closed,WFC,General,,2026-07-17,0.06,7.67,True,0.62,1.75,,Financials,stock,S&P 500
XOM|2026-07-17,closed,XOM,General,,2026-07-17,6.13,7.59,True,-0.71,1.73,,Energy,stock,S&P 500
AAPL|2026-07-16,closed,AAPL,ESG,E,2026-07-16,4.52,6.34,True,0.87,1.45,False,Information Technology,stock,S&P 500
AMAT|2026-07-16,closed,AMAT,General,,2026-07-16,-6.02,13.81,True,2.65,3.15,,Information Technology,stock,S&P 500
AMD|2026-07-16,closed,AMD,General,,2026-07-16,-2.93,16.23,True,3.22,3.7,,Information Technology,stock,S&P 500
AMZN|2026-07-16,closed,AMZN,General,,2026-07-16,1.22,7.03,True,1.3,1.6,,Consumer Discretionary,stock,S&P 500
AVGO|2026-07-16,closed,AVGO,ESG,G,2026-07-16,0.4,10.65,True,2.03,2.43,True,Information Technology,stock,S&P 500
BAC|2026-07-16,closed,BAC,General,,2026-07-16,1.81,5.98,True,0.67,1.36,,Financials,stock,S&P 500
BA|2026-07-16,closed,BA,General,,2026-07-16,-1.8,8.05,True,1.2,1.84,,Industrials,stock,S&P 500
BBY|2026-07-16,closed,BBY,ESG,E,2026-07-16,-0.05,11.57,True,0.42,2.64,False,Consumer Discretionary,stock,S&P 500
BLK|2026-07-16,closed,BLK,ESG,E,2026-07-16,4.78,6.54,True,1.27,1.49,False,Financials,stock,S&P 500
BRK-B|2026-07-16,closed,BRK-B,General,,2026-07-16,-0.16,4.27,True,0.08,0.97,,Financials,stock,S&P 500
BX|2026-07-16,closed,BX,ESG,E,2026-07-16,2.53,9.99,True,1.5,2.28,False,Financials,stock,S&P 500
CAT|2026-07-16,closed,CAT,General,,2026-07-16,-4.94,9.36,True,1.82,2.14,,Industrials,stock,S&P 500
CMCSA|2026-07-16,closed,CMCSA,General,,2026-07-16,2.3,9.3,True,0.02,2.12,,Communication Services,stock,S&P 500
CSCO|2026-07-16,closed,CSCO,General,,2026-07-16,-6.34,10.1,True,1.18,2.31,,Information Technology,stock,S&P 500
CVX|2026-07-16,closed,CVX,ESG,E,2026-07-16,3.47,6.32,True,-0.66,1.44,True,Energy,stock,S&P 500
C|2026-07-16,closed,C,General,,2026-07-16,0.52,7.3,True,1.36,1.66,,Financials,stock,S&P 500
DIS|2026-07-16,closed,DIS,General,,2026-07-16,1.69,7.16,True,0.8,1.63,,Communication Services,stock,S&P 500
ETN|2026-07-16,closed,ETN,ESG,E,2026-07-16,-2.08,9.16,True,1.62,2.09,True,Industrials,stock,S&P 500
GEV|2026-07-16,closed,GEV,ESG,E,2026-07-16,1.53,12.27,True,1.82,2.8,True,Industrials,stock,S&P 500
GE|2026-07-16,closed,GE,ESG,S,2026-07-16,-2.47,9.15,True,1.38,2.09,True,Industrials,stock,S&P 500
GOOGL|2026-07-16,closed,GOOGL,General,,2026-07-16,-2.36,7.21,True,1.3,1.65,,Communication Services,stock,S&P 500
GS|2026-07-16,closed,GS,General,,2026-07-16,-3.74,6.84,True,1.56,1.56,,Financials,stock,S&P 500
INTC|2026-07-16,closed,INTC,General,,2026-07-16,-6.01,21.66,True,2.95,4.94,,Information Technology,stock,S&P 500
JPM|2026-07-16,closed,JPM,General,,2026-07-16,1.2,6.12,True,0.7,1.4,,Financials,stock,S&P 500
KMI|2026-07-16,closed,KMI,General,,2026-07-16,-1.91,5.71,True,-0.2,1.3,,Energy,stock,S&P 500
LRCX|2026-07-16,closed,LRCX,General,,2026-07-16,-7.74,13.25,True,3.14,3.02,,Information Technology,stock,S&P 500
MA|2026-07-16,closed,MA,General,,2026-07-16,1.44,6.78,True,0.28,1.55,,Financials,stock,S&P 500
META|2026-07-16,closed,META,ESG,EG,2026-07-16,-0.23,9.46,True,1.53,2.16,True,Communication Services,stock,S&P 500
MPC|2026-07-16,closed,MPC,General,,2026-07-16,2.19,9.93,True,-0.43,2.27,,Energy,stock,S&P 500
MSFT|2026-07-16,closed,MSFT,General,,2026-07-16,5.07,8.91,True,0.84,2.03,,Information Technology,stock,S&P 500
MS|2026-07-16,closed,MS,General,,2026-07-16,-4.06,6.91,True,1.34,1.58,,Financials,stock,S&P 500
MU|2026-07-16,closed,MU,ESG,E,2026-07-16,-2.35,20.97,True,3.22,4.78,False,Information Technology,stock,S&P 500
NFLX|2026-07-16,closed,NFLX,ESG,E,2026-07-16,-8.18,10.44,True,0.25,2.38,False,Communication Services,stock,S&P 500
NVDA|2026-07-16,closed,NVDA,General,,2026-07-16,-2.03,7.56,True,1.91,1.72,,Information Technology,stock,S&P 500
PSX|2026-07-16,closed,PSX,General,,2026-07-16,2.88,8.65,True,-0.51,1.97,,Energy,stock,S&P 500
RTX|2026-07-16,closed,RTX,General,,2026-07-16,1.95,7.43,True,0.36,1.69,,Industrials,stock,S&P 500
SLB|2026-07-16,closed,SLB,General,,2026-07-16,-2.25,9.57,True,0.75,2.18,,Energy,stock,S&P 500
TMUS|2026-07-16,closed,TMUS,General,,2026-07-16,2.3,7.79,True,-0.56,1.78,,Communication Services,stock,S&P 500
TSLA|2026-07-16,closed,TSLA,General,,2026-07-16,-2.41,8.67,True,1.93,1.98,,Consumer Discretionary,stock,S&P 500
UBER|2026-07-16,closed,UBER,General,,2026-07-16,0.64,9.26,True,0.92,2.11,,Industrials,stock,S&P 500
UNP|2026-07-16,closed,UNP,ESG,S,2026-07-16,1.87,7.15,True,0.32,1.63,True,Industrials,stock,S&P 500
VRT|2026-07-16,closed,VRT,General,,2026-07-16,-0.65,16.83,True,2.45,3.84,,Industrials,stock,S&P 500
V|2026-07-16,closed,V,ESG,G,2026-07-16,1.11,6.64,True,0.32,1.52,True,Financials,stock,S&P 500
WBD|2026-07-16,closed,WBD,General,,2026-07-16,-5.46,3.87,False,0.43,0.88,,Communication Services,stock,S&P 500
WFC|2026-07-16,closed,WFC,General,,2026-07-16,4.22,7.52,True,0.64,1.72,,Financials,stock,S&P 500
AAPL|2026-07-15,closed,AAPL,General,,2026-07-15,2.92,6.37,True,0.84,1.45,,Information Technology,stock,S&P 500
AMAT|2026-07-15,closed,AMAT,General,,2026-07-15,-9.33,13.82,True,2.65,3.15,,Information Technology,stock,S&P 500
AMD|2026-07-15,closed,AMD,General,,2026-07-15,-5.93,16.29,True,3.15,3.72,,Information Technology,stock,S&P 500
AMZN|2026-07-15,closed,AMZN,ESG,ES,2026-07-15,2.54,7.08,True,1.32,1.62,True,Consumer Discretionary,stock,S&P 500
AVGO|2026-07-15,closed,AVGO,General,,2026-07-15,0.74,10.66,True,2.03,2.43,,Information Technology,stock,S&P 500
AXP|2026-07-15,closed,AXP,General,,2026-07-15,0.92,7.03,True,0.92,1.6,,Financials,stock,S&P 500
BAC|2026-07-15,closed,BAC,General,,2026-07-15,2.65,5.92,True,0.69,1.35,,Financials,stock,S&P 500
BA|2026-07-15,closed,BA,ESG,E,2026-07-15,-1.59,8.05,True,1.21,1.84,True,Industrials,stock,S&P 500
BLK|2026-07-15,closed,BLK,ESG,E,2026-07-15,4.79,6.56,True,1.26,1.5,False,Financials,stock,S&P 500
BRK-B|2026-07-15,closed,BRK-B,General,,2026-07-15,-1.11,4.26,True,0.07,0.97,,Financials,stock,S&P 500
CAT|2026-07-15,closed,CAT,ESG,E,2026-07-15,-7.57,9.35,True,1.8,2.13,True,Industrials,stock,S&P 500
CMCSA|2026-07-15,closed,CMCSA,General,,2026-07-15,0.04,9.33,True,-0.0,2.13,,Communication Services,stock,S&P 500
COP|2026-07-15,closed,COP,General,,2026-07-15,2.12,8.48,True,-0.76,1.94,,Energy,stock,S&P 500
CSCO|2026-07-15,closed,CSCO,General,,2026-07-15,-7.2,10.1,True,1.18,2.31,,Information Technology,stock,S&P 500
CVX|2026-07-15,closed,CVX,ESG,E,2026-07-15,3.26,6.52,True,-0.68,1.49,True,Energy,stock,S&P 500
C|2026-07-15,closed,C,General,,2026-07-15,-7.47,7.23,False,1.37,1.65,,Financials,stock,S&P 500
DE|2026-07-15,closed,DE,General,,2026-07-15,-0.7,9.93,True,0.61,2.27,,Industrials,stock,S&P 500
DIS|2026-07-15,closed,DIS,General,,2026-07-15,2.11,7.11,True,0.82,1.62,,Communication Services,stock,S&P 500
EA|2026-07-15,closed,EA,General,,2026-07-15,1.38,1.69,True,0.1,0.38,,Communication Services,stock,S&P 500
ETN|2026-07-15,closed,ETN,General,,2026-07-15,0.46,9.12,True,1.61,2.08,,Industrials,stock,S&P 500
GEV|2026-07-15,closed,GEV,General,,2026-07-15,2.4,12.12,True,1.78,2.77,,Industrials,stock,S&P 500
GE|2026-07-15,closed,GE,General,,2026-07-15,-2.97,9.14,True,1.39,2.08,,Industrials,stock,S&P 500
GOOGL|2026-07-15,closed,GOOGL,ESG,G,2026-07-15,1.1,7.24,True,1.29,1.65,True,Communication Services,stock,S&P 500
GOOG|2026-07-15,closed,GOOG,ESG,G,2026-07-15,1.57,7.16,True,1.28,1.63,True,Communication Services,stock,S&P 500
GS|2026-07-15,closed,GS,ESG,E,2026-07-15,2.52,6.79,True,1.57,1.55,False,Financials,stock,S&P 500
INTC|2026-07-15,closed,INTC,General,,2026-07-15,-6.92,21.63,True,2.92,4.94,,Information Technology,stock,S&P 500
JPM|2026-07-15,closed,JPM,General,,2026-07-15,2.33,6.11,True,0.71,1.39,,Financials,stock,S&P 500
LRCX|2026-07-15,closed,LRCX,General,,2026-07-15,-6.64,13.3,True,3.15,3.03,,Information Technology,stock,S&P 500
MA|2026-07-15,closed,MA,General,,2026-07-15,2.31,6.83,True,0.29,1.56,,Financials,stock,S&P 500
META|2026-07-15,closed,META,ESG,GS,2026-07-15,1.08,9.46,True,1.54,2.16,True,Communication Services,stock,S&P 500
MPC|2026-07-15,closed,MPC,General,,2026-07-15,4.69,9.97,True,-0.44,2.28,,Energy,stock,S&P 500
MSFT|2026-07-15,closed,MSFT,General,,2026-07-15,4.3,8.91,True,0.84,2.03,,Information Technology,stock,S&P 500
MS|2026-07-15,closed,MS,ESG,E,2026-07-15,-3.6,6.85,True,1.36,1.56,False,Financials,stock,S&P 500
MU|2026-07-15,closed,MU,General,,2026-07-15,-7.36,21.13,True,3.28,4.82,,Information Technology,stock,S&P 500
NEE|2026-07-15,closed,NEE,General,,2026-07-15,-0.99,6.71,True,0.06,1.53,,,stock,S&P 500
NFLX|2026-07-15,closed,NFLX,General,,2026-07-15,-7.64,10.37,True,0.27,2.37,,Communication Services,stock,S&P 500
NVDA|2026-07-15,closed,NVDA,ESG,E,2026-07-15,1.69,7.57,True,1.9,1.73,False,Information Technology,stock,S&P 500
PSX|2026-07-15,closed,PSX,ESG,E,2026-07-15,4.44,8.63,True,-0.5,1.97,True,Energy,stock,S&P 500
RTX|2026-07-15,closed,RTX,ESG,E,2026-07-15,0.26,7.42,True,0.35,1.69,True,Industrials,stock,S&P 500
SLB|2026-07-15,closed,SLB,ESG,E,2026-07-15,-0.89,9.58,True,0.75,2.18,True,Energy,stock,S&P 500
TMUS|2026-07-15,closed,TMUS,General,,2026-07-15,3.1,7.7,True,-0.55,1.76,,Communication Services,stock,S&P 500
TSLA|2026-07-15,closed,TSLA,ESG,E,2026-07-15,-3.69,8.92,True,1.9,2.03,False,Consumer Discretionary,stock,S&P 500
TTWO|2026-07-15,closed,TTWO,General,,2026-07-15,-0.55,9.64,True,0.78,2.2,,Communication Services,stock,S&P 500
UBER|2026-07-15,closed,UBER,General,,2026-07-15,-1.2,9.3,True,0.99,2.12,,Industrials,stock,S&P 500
VLO|2026-07-15,closed,VLO,ESG,E,2026-07-15,4.03,10.42,True,-0.7,2.38,True,Energy,stock,S&P 500
V|2026-07-15,closed,V,General,,2026-07-15,1.38,6.65,True,0.32,1.52,,Financials,stock,S&P 500
WBD|2026-07-15,closed,WBD,General,,2026-07-15,-1.59,3.79,True,0.45,0.86,,Communication Services,stock,S&P 500
WFC|2026-07-15,closed,WFC,ESG,E,2026-07-15,0.11,7.5,True,0.65,1.71,False,Financials,stock,S&P 500
XOM|2026-07-15,closed,XOM,ESG,E,2026-07-15,1.82,7.75,True,-0.73,1.77,True,Energy,stock,S&P 500
QQQ|2026-07-15,no data,QQQ,General,,2026-07-15,,,,,,,,stock,S&P 500
AAPL|2026-07-14,closed,AAPL,General,,2026-07-14,7.06,6.37,False,0.85,1.45,,,stock,S&P 500
AMAT|2026-07-14,closed,AMAT,General,,2026-07-14,-11.63,13.59,True,2.59,3.1,,Information Technology,stock,S&P 500
AXP|2026-07-14,closed,AXP,General,,2026-07-14,3.27,7.04,True,0.93,1.61,,Financials,stock,S&P 500
BAC|2026-07-14,closed,BAC,General,,2026-07-14,3.32,5.93,True,0.71,1.35,,Financials,stock,S&P 500
BA|2026-07-14,closed,BA,General,,2026-07-14,-1.28,7.99,True,1.23,1.82,,Industrials,stock,S&P 500
BLK|2026-07-14,closed,BLK,ESG,E,2026-07-14,6.31,6.54,True,1.31,1.49,False,Financials,stock,S&P 500
CAT|2026-07-14,closed,CAT,ESG,E,2026-07-14,-6.36,9.35,True,1.8,2.13,True,Industrials,stock,S&P 500
CMCSA|2026-07-14,closed,CMCSA,General,,2026-07-14,1.66,9.17,True,-0.05,2.09,,Communication Services,stock,S&P 500
COP|2026-07-14,closed,COP,General,,2026-07-14,2.97,8.56,True,-0.74,1.95,,Energy,stock,S&P 500
CSCO|2026-07-14,closed,CSCO,General,,2026-07-14,-7.03,10.1,True,1.15,2.3,,Information Technology,stock,S&P 500
DE|2026-07-14,closed,DE,ESG,E,2026-07-14,2.12,9.92,True,0.59,2.26,True,Industrials,stock,S&P 500
DIS|2026-07-14,closed,DIS,General,,2026-07-14,3.78,7.13,True,0.84,1.63,,Communication Services,stock,S&P 500
ETN|2026-07-14,closed,ETN,ESG,E,2026-07-14,0.78,9.18,True,1.6,2.09,True,Industrials,stock,S&P 500
GEV|2026-07-14,closed,GEV,General,,2026-07-14,-1.88,12.07,True,1.73,2.75,,Industrials,stock,S&P 500
GE|2026-07-14,closed,GE,ESG,E,2026-07-14,-1.0,9.13,True,1.39,2.08,True,Industrials,stock,S&P 500
JPM|2026-07-14,closed,JPM,General,,2026-07-14,2.89,6.16,True,0.74,1.41,,Financials,stock,S&P 500
MA|2026-07-14,closed,MA,General,,2026-07-14,3.84,6.79,True,0.27,1.55,,Financials,stock,S&P 500
META|2026-07-14,closed,META,General,,2026-07-14,-0.39,9.46,True,1.53,2.16,,Communication Services,stock,S&P 500
MS|2026-07-14,closed,MS,General,,2026-07-14,-1.45,6.84,True,1.39,1.56,,Financials,stock,S&P 500
PEP|2026-07-14,closed,PEP,ESG,E,2026-07-14,-0.6,6.0,True,-0.08,1.37,True,Consumer Staples,stock,S&P 500
PSX|2026-07-14,closed,PSX,General,,2026-07-14,7.53,9.09,True,-0.48,2.07,,Energy,stock,S&P 500
RTX|2026-07-14,closed,RTX,General,,2026-07-14,-0.66,7.42,True,0.36,1.69,,Industrials,stock,S&P 500
SLB|2026-07-14,closed,SLB,ESG,E,2026-07-14,-1.03,10.11,True,0.83,2.31,True,Energy,stock,S&P 500
TMUS|2026-07-14,closed,TMUS,General,,2026-07-14,1.81,7.53,True,-0.49,1.72,,Communication Services,stock,S&P 500
UBER|2026-07-14,closed,UBER,General,,2026-07-14,-0.94,9.35,True,0.99,2.13,,Industrials,stock,S&P 500
VRT|2026-07-14,closed,VRT,General,,2026-07-14,-7.63,16.63,True,2.4,3.8,,Industrials,stock,S&P 500
V|2026-07-14,closed,V,General,,2026-07-14,3.32,6.68,True,0.32,1.52,,Financials,stock,S&P 500
XOM|2026-07-14,closed,XOM,ESG,E,2026-07-14,4.31,7.81,True,-0.72,1.78,True,Energy,stock,S&P 500
CAT|2026-07-13,closed,CAT,General,,2026-07-13,-8.32,9.17,True,1.8,2.09,,Industrials,stock,S&P 500
DE|2026-07-13,closed,DE,General,,2026-07-13,-0.65,9.85,True,0.59,2.25,,Industrials,stock,S&P 500
ETN|2026-07-13,closed,ETN,General,,2026-07-13,-2.3,9.07,True,1.6,2.07,,Industrials,stock,S&P 500
GEV|2026-07-13,closed,GEV,ESG,E,2026-07-13,-4.89,12.03,True,1.73,2.75,True,Industrials,stock,S&P 500
MSFT|2026-07-13,closed,MSFT,ESG,E,2026-07-13,5.85,8.58,True,0.87,1.96,False,Information Technology,stock,S&P 500
NEE|2026-07-13,closed,NEE,General,,2026-07-13,2.18,6.71,True,0.07,1.53,,,stock,S&P 500
RTX|2026-07-13,closed,RTX,General,,2026-07-13,-0.7,7.46,True,0.37,1.7,,Industrials,stock,S&P 500
UNP|2026-07-13,closed,UNP,ESG,S,2026-07-13,4.26,7.13,True,0.31,1.63,True,Industrials,stock,S&P 500
VRT|2026-07-13,closed,VRT,General,,2026-07-13,-11.31,16.67,True,2.4,3.8,,Industrials,stock,S&P 500
WMB|2026-07-13,closed,WMB,ESG,E,2026-07-13,-1.85,6.35,True,-0.05,1.45,True,Energy,stock,S&P 500
ICLN|2026-07-13,no data,ICLN,General,,2026-07-13,,,,,,,,stock,S&P 500
WMB|2026-07-12,closed,WMB,ESG,EG,2026-07-12,-1.85,6.35,True,-0.05,1.45,True,Energy,stock,S&P 500
COP|2026-07-11,closed,COP,General,,2026-07-11,2.94,8.65,True,-0.73,1.97,,Energy,stock,S&P 500
DE|2026-07-11,closed,DE,General,,2026-07-11,-0.65,9.85,True,0.59,2.25,,Industrials,stock,S&P 500
UNP|2026-07-11,closed,UNP,ESG,S,2026-07-11,4.26,7.13,True,0.31,1.63,True,Industrials,stock,S&P 500
ETN|2026-07-10,closed,ETN,General,,2026-07-10,0.02,8.96,True,1.6,2.04,,Industrials,stock,S&P 500
PSX|2026-07-10,closed,PSX,General,,2026-07-10,4.32,9.08,True,-0.47,2.07,,Energy,stock,S&P 500
ICLN|2026-07-10,no data,ICLN,General,,2026-07-10,,,,,,,,stock,S&P 500
ICLN|2026-07-09,closed,ICLN,General,,2026-07-09,-2.71,6.61,True,1.62,1.51,,,,
EA|2026-07-09,closed,EA,General,,2026-07-09,0.57,1.67,True,0.11,0.38,,Communication Services,,
EOG|2026-07-09,closed,EOG,General,,2026-07-09,1.68,7.7,True,-0.78,1.76,,Energy,,
TTWO|2026-07-09,closed,TTWO,General,,2026-07-09,-8.39,9.56,True,0.75,2.18,,Communication Services,,
UNP|2026-07-09,closed,UNP,ESG,S,2026-07-09,1.24,7.04,True,0.32,1.61,True,Industrials,,
KMI|2026-07-08,closed,KMI,General,,2026-07-08,0.82,5.82,True,-0.17,1.33,,Energy,,
UNP|2026-07-08,closed,UNP,ESG,S,2026-07-08,1.95,7.05,True,0.32,1.61,True,Industrials,,
EA|2026-07-06,closed,EA,General,,2026-07-06,0.5,1.64,True,0.12,0.37,,Communication Services,,
KMI|2026-07-06,closed,KMI,General,,2026-07-06,1.55,5.76,True,-0.17,1.31,,Energy,,
EA|2026-07-01,closed,EA,General,,2026-07-01,0.14,1.64,True,0.12,0.37,,Communication Services,,
AMZN|2026-06-30,closed,AMZN,ESG,E,2026-06-30,1.95,6.61,True,1.27,1.51,False,Consumer Discretionary,,
EA|2026-06-30,closed,EA,General,,2026-06-30,-0.28,1.64,True,0.13,0.37,,Communication Services,,
EA|2026-06-28,closed,EA,General,,2026-06-28,0.07,1.64,True,0.13,0.37,,Communication Services,,
MSFT|2026-06-26,closed,MSFT,ESG,E,2026-06-26,4.68,8.14,True,0.89,1.86,False,Information Technology,,
TSLA|2026-06-26,closed,TSLA,ESG,E,2026-06-26,11.13,8.65,False,1.84,1.97,False,Consumer Discretionary,,
WMT|2026-06-24,closed,WMT,ESG,E,2026-06-24,-2.3,7.3,True,0.08,1.67,True,Consumer Staples,,
AAPL|2026-05-01,closed,AAPL,General,,2026-05-01,3.84,4.97,True,0.79,1.13,,Information Technology,,
