evento,asse,tit,ben,lo,hi
ICLN|2026-07-09,-63.0,96.95761360539368,90.64643817550748,,
ICLN|2026-07-09,-62.0,97.58584721225716,91.20572883189698,,
ICLN|2026-07-09,-61.0,99.05173230315812,91.10188918594233,,
ICLN|2026-07-09,-60.0,99.31349463729636,92.02869375298133,,
ICLN|2026-07-09,-59.0,103.29231415565128,93.11305555319916,,
ICLN|2026-07-09,-58.0,102.24526481909824,93.85570511184966,,
ICLN|2026-07-09,-57.0,101.30290439647382,94.10066435708885,,
ICLN|2026-07-09,-56.0,101.56466673061207,95.23367998752332,,
ICLN|2026-07-09,-55.0,102.87348841363256,95.00755974548096,,
ICLN|2026-07-09,-54.0,101.56466673061207,94.4044310484,,
ICLN|2026-07-09,-53.0,103.92055777484394,95.39190934308849,,
ICLN|2026-07-09,-52.0,105.4387873227092,94.99766714802811,,
ICLN|2026-07-09,-51.0,104.65349030796524,95.75514907739785,,
ICLN|2026-07-09,-50.0,105.64820519988314,95.87315549714543,,
ICLN|2026-07-09,-49.0,103.86820330555044,95.40393576598134,,
ICLN|2026-07-09,-48.0,106.43349220229793,95.3658531810639,,
ICLN|2026-07-09,-47.0,108.7370287772363,96.34223166818818,,
ICLN|2026-07-09,-46.0,109.67937918753152,96.62435340847618,,
ICLN|2026-07-09,-45.0,108.6846743079428,96.23184698579212,,
ICLN|2026-07-09,-44.0,111.45938108186422,97.01325125174638,,
ICLN|2026-07-09,-43.0,111.6164344774155,98.42851260621002,,
ICLN|2026-07-09,-42.0,108.42290196147538,98.05417958979652,,
ICLN|2026-07-09,-41.0,110.77878299337804,98.880355037231,,
ICLN|2026-07-09,-40.0,113.76289763214422,99.06624581799578,,
ICLN|2026-07-09,-39.0,111.93055128084724,98.90748137470564,,
ICLN|2026-07-09,-38.0,114.54819464688816,99.48601561281576,,
ICLN|2026-07-09,-37.0,115.85701632990866,100.24764120932436,,
ICLN|2026-07-09,-36.0,114.07702444790516,99.0082475289714,,
ICLN|2026-07-09,-35.0,111.66878894670896,98.93541034376776,,
ICLN|2026-07-09,-34.0,109.8887870523763,98.27468793618624,,
ICLN|2026-07-09,-33.0,112.6634938262977,99.33527095994086,,
ICLN|2026-07-09,-32.0,116.11878867637608,99.50566377306016,,
ICLN|2026-07-09,-31.0,117.3229014208096,99.876518719261,,
ICLN|2026-07-09,-30.0,120.0452537254375,100.48659050584716,,
ICLN|2026-07-09,-29.0,121.1970120005775,100.50315864894264,,
ICLN|2026-07-09,-28.0,122.50584369592715,101.08142534319026,,
ICLN|2026-07-09,-27.0,123.39583963692893,101.3010005487912,,
ICLN|2026-07-09,-26.0,120.6211428753367,101.56694567358736,,
ICLN|2026-07-09,-25.0,124.33819004722416,101.69817920087912,,
ICLN|2026-07-09,-24.0,120.88290520947496,100.9484560435222,,
ICLN|2026-07-09,-23.0,120.93525967876845,101.3577981531643,,
ICLN|2026-07-09,-22.0,111.6164344774155,98.67735450018566,,
ICLN|2026-07-09,-21.0,109.94114152166978,98.97122859404396,,
ICLN|2026-07-09,-20.0,108.00407621945664,98.71623971669062,,
ICLN|2026-07-09,-19.0,103.97291224413743,97.11709089770102,,
ICLN|2026-07-09,-18.0,108.57996536935585,98.8184740994702,,
ICLN|2026-07-09,-17.0,109.52231577965104,99.31508771197142,,
ICLN|2026-07-09,-16.0,110.39370881303236,100.9566063431387,,
ICLN|2026-07-09,-15.0,109.29134135774794,100.3827508598925,,
ICLN|2026-07-09,-14.0,107.50656358239536,99.16327288364648,,
ICLN|2026-07-09,-13.0,110.76116129401746,100.23881878732156,,
ICLN|2026-07-09,-12.0,113.5433072285212,99.86742875339569,,
ICLN|2026-07-09,-11.0,108.50394175387572,98.43305432641264,,
ICLN|2026-07-09,-10.0,107.50656358239536,98.33630133008452,,
ICLN|2026-07-09,-9.0,106.50919542324418,98.32654576729296,,
ICLN|2026-07-09,-8.0,102.3622088239458,98.28016932263766,,
ICLN|2026-07-09,-7.0,104.35695515457736,99.4349669387566,,
ICLN|2026-07-09,-6.0,107.55905822429742,100.2225116626285,,
ICLN|2026-07-09,-5.0,105.93176437465095,100.00694961496524,,
ICLN|2026-07-09,-4.0,103.25459771162208,100.00708664962652,,
ICLN|2026-07-09,-3.0,105.6168065355679,100.73128873268386,,
ICLN|2026-07-09,-2.0,101.46981993626952,100.28251979335172,,
ICLN|2026-07-09,-1.0,100.0,100.0,100.0,100.0
ICLN|2026-07-09,0.0,101.46981993626952,100.81427953374282,98.43825535118404,104.43867320268762
ICLN|2026-07-09,1.0,101.0498728133824,101.23859104876544,97.97331571355592,106.52709449882695
ICLN|2026-07-09,2.0,97.79527510176032,100.43607039405296,95.87836249447987,106.2321277942737
ICLN|2026-07-09,3.0,100.10498928380407,100.81360741135651,95.76894214498756,107.81138625589853
AAPL|2026-05-01,-63.0,95.53618637341302,96.25496442304592,,
AAPL|2026-05-01,-62.0,99.41314222360256,96.77390055250416,,
AAPL|2026-05-01,-61.0,99.2180145176184,95.96061433541416,,
AAPL|2026-05-01,-60.0,101.79895947649852,95.473864491943,,
AAPL|2026-05-01,-59.0,101.58542668228978,94.30421269174612,,
AAPL|2026-05-01,-58.0,102.39910043583474,96.16160929262507,,
AAPL|2026-05-01,-57.0,101.20507737285207,96.61271174065224,,
AAPL|2026-05-01,-56.0,100.8586564645818,96.29353107128044,,
AAPL|2026-05-01,-55.0,101.52937840444882,96.28881691828232,,
AAPL|2026-05-01,-54.0,96.45476350137048,94.78083658876302,,
AAPL|2026-05-01,-53.0,94.26201393540974,94.82814067574404,,
AAPL|2026-05-01,-52.0,97.24709410673576,94.92593903082974,,
AAPL|2026-05-01,-51.0,97.42030456087092,95.4543034662842,,
AAPL|2026-05-01,-50.0,96.0309399101449,95.18491942455906,,
AAPL|2026-05-01,-49.0,97.50505802218132,95.84547656700208,,
AAPL|2026-05-01,-48.0,98.09469626144816,94.85005877790188,,
AAPL|2026-05-01,-47.0,100.29113810198852,95.5758148237354,,
AAPL|2026-05-01,-46.0,101.06136008761496,96.35345364538136,,
AAPL|2026-05-01,-45.0,100.58963823926683,95.83646142671402,,
AAPL|2026-05-01,-44.0,97.35764846236464,95.42059320842272,,
AAPL|2026-05-01,-43.0,97.55664855388352,95.45860445357413,,
AAPL|2026-05-01,-42.0,97.1991845926785,94.55709042476956,,
AAPL|2026-05-01,-41.0,96.74589034642428,95.29047987639166,,
AAPL|2026-05-01,-40.0,95.92407782909564,94.75240266019112,,
AAPL|2026-05-01,-39.0,94.88113408663988,93.49439435732144,,
AAPL|2026-05-01,-38.0,95.77297599469934,94.27078690863456,,
AAPL|2026-05-01,-37.0,96.12307792061452,94.06950747667376,,
AAPL|2026-05-01,-36.0,96.11570462839,93.99071474416372,,
AAPL|2026-05-01,-35.0,94.25464064318524,92.55945454540527,,
AAPL|2026-05-01,-34.0,92.17614896436764,91.99862612242222,,
AAPL|2026-05-01,-33.0,93.17117756429876,92.93065345475618,,
AAPL|2026-05-01,-32.0,93.6907976697695,93.1624461902464,,
AAPL|2026-05-01,-31.0,92.10981747668382,91.89473187983896,,
AAPL|2026-05-01,-30.0,91.74866124089918,91.64213184835708,,
AAPL|2026-05-01,-29.0,91.39118602275948,90.25483654487265,,
AAPL|2026-05-01,-28.0,92.68103374232405,91.28854328066576,,
AAPL|2026-05-01,-27.0,92.73631092013846,90.946889106053,,
AAPL|2026-05-01,-26.0,93.09746715592308,91.43974161023004,,
AAPL|2026-05-01,-25.0,93.19697283014985,89.84812570424434,,
AAPL|2026-05-01,-24.0,91.68969178850516,88.34569940555615,,
AAPL|2026-05-01,-23.0,90.88998789091536,87.99710946561284,,
AAPL|2026-05-01,-22.0,93.52864152550376,90.56056562249984,,
AAPL|2026-05-01,-21.0,94.20673675759532,91.20975054815575,,
AAPL|2026-05-01,-20.0,94.31361009557926,91.31198535469802,,
AAPL|2026-05-01,-19.0,95.39707317446572,91.71620365466066,,
AAPL|2026-05-01,-18.0,93.42177381598717,91.78583900950768,,
AAPL|2026-05-01,-17.0,95.41181975891472,94.08795769616634,,
AAPL|2026-05-01,-16.0,95.99777698053664,94.66848260897484,,
AAPL|2026-05-01,-15.0,95.99409596289172,94.56070054480978,,
AAPL|2026-05-01,-14.0,95.52238537147828,95.52269255079838,,
AAPL|2026-05-01,-13.0,95.3860188645963,96.64822367192964,,
AAPL|2026-05-01,-12.0,98.1868342719178,97.41906896562,,
AAPL|2026-05-01,-11.0,97.07019137802104,97.67332843314288,,
AAPL|2026-05-01,-10.0,99.58724197557854,98.84936059558716,,
AAPL|2026-05-01,-9.0,100.62648218651998,98.61465538051478,,
AAPL|2026-05-01,-8.0,98.09102650073794,97.98862805414124,,
AAPL|2026-05-01,-7.0,100.67072193986704,99.01359735118788,,
AAPL|2026-05-01,-6.0,100.76652971104689,98.60438719668558,,
AAPL|2026-05-01,-5.0,99.89311540508136,99.39062799291143,,
AAPL|2026-05-01,-4.0,98.6216896591434,99.51311469236224,,
AAPL|2026-05-01,-3.0,99.76413344735856,99.0260803741412,,
AAPL|2026-05-01,-2.0,99.56513335583968,98.98655193032371,,
AAPL|2026-05-01,-1.0,100.0,100.0,100.0,100.0
AAPL|2026-05-01,0.0,103.239351812192,100.2928328889657,97.99432378247889,102.45145779458568
AAPL|2026-05-01,1.0,102.0195165979562,99.88542440787936,96.7483159695432,103.0306874285904
AAPL|2026-05-01,2.0,104.72820525174278,100.69649578584524,96.6526764032945,104.39587405021258
AAPL|2026-05-01,3.0,105.95540250126838,102.16548952821354,97.15788948678828,106.20174291316634
AAPL|2026-05-01,4.0,105.92960160694996,101.77694443232792,96.32262566208358,106.4024080141934
AAPL|2026-05-01,5.0,108.09655027859225,102.63448679265016,96.47392548458964,107.5886244801328
AAPL|2026-05-01,6.0,107.96005994542864,102.82743517836433,96.16268476200484,108.18468826991966
AAPL|2026-05-01,7.0,108.74205668474492,102.66264301968052,95.6163047828195,108.45073614818428
AAPL|2026-05-01,8.0,110.24334903713246,103.26314212385596,95.6603345051202,109.3352460000775
AAPL|2026-05-01,9.0,109.99989531050736,104.05368390737178,95.86085805250076,110.3617618462158
AAPL|2026-05-01,10.0,110.7450143317664,102.76723490272184,94.55921717524836,109.6169714777771
AAPL|2026-05-01,11.0,109.86341623427842,102.69163235133554,94.16009457139744,109.876666133987
AAPL|2026-05-01,12.0,110.2802380121244,102.005824688236,93.33196710502985,109.60186811416553
AAPL|2026-05-01,13.0,111.49012209609076,103.10667423821047,93.81356499736908,110.84078593487612
AAPL|2026-05-01,14.0,112.50081472064848,103.28353625413943,93.63304145807363,111.28018384916868
AAPL|2026-05-01,15.0,113.91358253860314,103.66847122998485,93.6109657606673,111.88904757885392
AAPL|2026-05-01,16.0,113.73282993822306,104.30170525002217,93.7735757504365,112.70379736746368
AAPL|2026-05-01,17.0,114.66238257750707,104.31890242597358,93.50223341359916,112.98190940880026
AAPL|2026-05-01,18.0,115.27470354018214,104.91912382860748,93.65249746747818,113.7555073189775
AAPL|2026-05-01,19.0,115.1087087811858,105.14703551572428,93.5434225447216,114.20225457974466
AAPL|2026-05-01,20.0,112.9877221738987,105.4230776212384,93.47380214596828,114.68489143911512
AAPL|2026-05-01,21.0,116.26695730571122,105.55929361397536,93.31079224433915,115.04119405534288
AAPL|2026-05-01,22.0,114.4447522590698,104.7811061624546,92.51221849862485,114.59865150545237
AAPL|2026-05-01,23.0,114.80255392831562,105.20598952103391,92.56299167183788,115.19494364302987
AAPL|2026-05-01,24.0,113.36765497675276,102.42377905469311,90.38015865213632,112.99108293361734
AAPL|2026-05-01,25.0,111.22822951043705,102.72881049186226,90.36078459022669,113.4718017702089
AAPL|2026-05-01,26.0,107.17437093153272,102.46414060313523,89.94724410408445,113.44797648837697
AAPL|2026-05-01,27.0,107.55430373438676,100.80427785001028,88.56762521023633,112.18915429184206
AAPL|2026-05-01,28.0,109.0482227945498,102.57025645805096,89.58004340888698,113.95201065556591
AAPL|2026-05-01,29.0,107.38832023232511,103.0857247048439,89.71987261335104,114.60505006066956
AAPL|2026-05-01,30.0,109.33963106297097,104.78956589965954,90.68118505819248,116.3075043492735
AAPL|2026-05-01,31.0,110.37982811336138,104.19392318585712,90.0585708757523,115.97476707076268
AAPL|2026-05-01,32.0,109.1662630117501,102.9281460130322,88.98131981679624,115.04267451398972
AAPL|2026-05-01,33.0,109.9261286174582,104.0445265297088,89.54192296524648,116.22061528820312
AAPL|2026-05-01,34.0,109.55726138140824,103.6590361507803,89.07532474347383,116.0611483960183
AAPL|2026-05-01,35.0,108.55762306671996,102.17020368121165,87.86066005346632,114.91420226972367
AAPL|2026-05-01,36.0,108.10760458846168,102.06977732129364,87.59697607990404,114.99956967286316
AAPL|2026-05-01,37.0,101.49381774775075,102.05965137483936,87.39757849221726,115.1630909313381
AAPL|2026-05-01,38.0,104.67714379597122,102.01151418323371,87.17483747067081,115.29000643191002
AAPL|2026-05-01,39.0,103.92465148248765,103.2101553150856,87.79955522053295,116.53597475905988
AAPL|2026-05-01,40.0,106.73541802007855,104.02760028209056,88.16395797483854,117.43762697342083
AAPL|2026-05-01,41.0,108.58713874948738,103.80385411809712,87.82749811695024,117.4024583640398
AAPL|2026-05-01,42.0,113.84349686319884,103.80399635547208,87.64397644330172,117.56604106320526
AAPL|2026-05-01,43.0,115.33003137420268,104.5556937892118,87.96579957476581,118.40500954814482
AAPL|2026-05-01,44.0,114.59229690210282,104.08988670589888,87.47436304985347,118.14551814255638
AAPL|2026-05-01,45.0,115.59930850901564,103.79664065122502,87.10086278596647,118.03846198502823
AAPL|2026-05-01,46.0,116.64319783398564,104.64183545276052,87.48764340390618,118.95900534188893
AAPL|2026-05-01,47.0,116.31121957292766,105.0822565512503,87.6046148250409,119.51227046779844
AAPL|2026-05-01,48.0,117.04526177044792,104.24926707112654,86.87986052801574,118.91191772188913
AAPL|2026-05-01,49.0,116.14153253935172,104.64113781230247,86.96778561183761,119.41853071447402
AMZN|2026-06-30,-63.0,83.680352069204,85.26012696809772,,
AMZN|2026-06-30,-62.0,86.7285769975057,87.74385170338289,,
AMZN|2026-06-30,-61.0,87.68635290222943,88.3728449683131,,
AMZN|2026-06-30,-60.0,87.35321262830959,88.47189995590628,,
AMZN|2026-06-30,-59.0,88.61080779002675,88.86354581549115,,
AMZN|2026-06-30,-58.0,89.01890764378665,88.93101529524772,,
AMZN|2026-06-30,-57.0,92.13375554357452,91.16153096459308,,
AMZN|2026-06-30,-56.0,97.29740754990448,91.723999755611,,
AMZN|2026-06-30,-55.0,99.2670964806741,91.61957004727851,,
AMZN|2026-06-30,-54.0,99.89589406153269,92.55164112405558,,
AMZN|2026-06-30,-53.0,103.69784496767818,93.64216474326258,,
AMZN|2026-06-30,-52.0,103.48130283651192,94.3890343621844,,
AMZN|2026-06-30,-51.0,103.9810100703306,94.63538557321264,,
AMZN|2026-06-30,-50.0,104.33913475282306,95.774839495023,,
AMZN|2026-06-30,-49.0,103.3896891023309,95.54743433866425,,
AMZN|2026-06-30,-48.0,104.0684618544569,94.94087839999486,,
AMZN|2026-06-30,-47.0,106.33797004221996,95.9339679791332,,
AMZN|2026-06-30,-46.0,106.22137189946636,95.53748552713704,,
AMZN|2026-06-30,-45.0,109.93170271730858,96.29927180080904,,
AMZN|2026-06-30,-44.0,108.73656857702292,96.417948784752,,
AMZN|2026-06-30,-43.0,108.14525396314544,95.94606274143176,,
AMZN|2026-06-30,-42.0,109.53610777607948,95.90776375457646,,
AMZN|2026-06-30,-41.0,110.37727918392736,96.8896904521794,,
AMZN|2026-06-30,-40.0,111.7098402796068,97.17341533184045,,
AMZN|2026-06-30,-39.0,113.28807715683531,96.77867851563995,,
AMZN|2026-06-30,-38.0,113.9127127876392,97.56452306309733,,
AMZN|2026-06-30,-37.0,114.51236400987052,98.98782655283983,,
AMZN|2026-06-30,-36.0,112.92163492835569,98.61136641216916,,
AMZN|2026-06-30,-35.0,113.55042615509204,99.44223655058168,,
AMZN|2026-06-30,-34.0,112.0138214866549,99.6291836442326,,
AMZN|2026-06-30,-33.0,110.69376530350624,99.4695170317944,,
AMZN|2026-06-30,-32.0,112.48855066602322,100.05133875499811,,
AMZN|2026-06-30,-31.0,111.27675601727432,100.81729224194171,,
AMZN|2026-06-30,-30.0,109.99417644698455,99.57085578351123,,
AMZN|2026-06-30,-29.0,110.29398934985576,99.4976047054991,,
AMZN|2026-06-30,-28.0,107.9953348034654,98.83312778362463,,
AMZN|2026-06-30,-27.0,110.3564630795317,99.89973750493914,,
AMZN|2026-06-30,-26.0,111.793117405434,100.07109856470018,,
AMZN|2026-06-30,-25.0,110.90197718044084,100.44406087123896,,
AMZN|2026-06-30,-24.0,110.47306122228532,101.057599353091,,
AMZN|2026-06-30,-23.0,113.20480003100812,101.07426164363685,,
AMZN|2026-06-30,-22.0,114.10010856017814,101.6558143026766,,
AMZN|2026-06-30,-21.0,112.70093084713476,101.87663723082838,,
AMZN|2026-06-30,-20.0,108.79487400252196,102.14409357237868,,
AMZN|2026-06-30,-19.0,106.82101676757544,102.27607282608788,,
AMZN|2026-06-30,-18.0,104.11426872154746,101.52208941317171,,
AMZN|2026-06-30,-17.0,105.68418169866656,101.93375758408206,,
AMZN|2026-06-30,-16.0,102.45273565612509,99.23808247551632,,
AMZN|2026-06-30,-15.0,102.11543343215052,99.53362649077133,,
AMZN|2026-06-30,-14.0,101.68651747399495,99.2771886548636,,
AMZN|2026-06-30,-13.0,99.10885342088469,97.6689527714298,,
AMZN|2026-06-30,-12.0,100.57049850948177,99.3800039782121,,
AMZN|2026-06-30,-11.0,99.3378877563372,99.87943956690908,,
AMZN|2026-06-30,-10.0,102.4485737060704,101.53028602636265,,
AMZN|2026-06-30,-9.0,102.44024345183875,100.95316964475852,,
AMZN|2026-06-30,-8.0,98.90064154395004,99.72676206019412,,
AMZN|2026-06-30,-7.0,101.76980095394435,100.80841968707053,,
AMZN|2026-06-30,-6.0,96.93928286741202,100.43491925220376,,
AMZN|2026-06-30,-5.0,97.48896527249812,98.99239408108714,,
AMZN|2026-06-30,-4.0,97.55559459810654,98.8950912918302,,
AMZN|2026-06-30,-3.0,94.53235407837744,98.88528029365531,,
AMZN|2026-06-30,-2.0,96.89764430449844,98.83864031771624,,
AMZN|2026-06-30,-1.0,100.0,100.0,100.0,100.0
AMZN|2026-06-30,0.0,99.2504359722109,100.79201989814806,97.97746025973473,103.94806230393176
AMZN|2026-06-30,1.0,100.6496200393765,100.57523293245616,96.43478849084984,104.85177625272732
AMZN|2026-06-30,2.0,101.05355158895944,100.57537074580844,95.44782823023972,105.75205134163868
AMZN|2026-06-30,3.0,101.67402526970864,101.30368806249584,95.48046088049128,107.48304803061194
AMZN|2026-06-30,4.0,102.43191319760716,100.85236902136968,94.19483334176448,107.53239478281864
AMZN|2026-06-30,5.0,101.44915288431082,100.56824382673292,93.18308971524532,107.73505659865585
AMZN|2026-06-30,6.0,102.87332136004903,101.38715045365858,93.51781219266596,109.39150293164732
AMZN|2026-06-30,7.0,102.16540224929574,101.8138730926714,93.42662532206624,110.47969603894693
AMZN|2026-06-30,8.0,102.98575755274794,101.00679216388028,91.93375581978492,109.83133044870388
AMZN|2026-06-30,9.0,103.06071713258798,101.3864745119783,91.84678136481512,110.79439920802784
EA|2026-06-28,-63.0,98.3284619200099,86.60365460987968,,
EA|2026-06-28,-62.0,98.60104596861676,86.26193834114831,,
EA|2026-06-28,-61.0,99.23381178155452,88.77484698426728,,
EA|2026-06-28,-60.0,99.09265776063872,89.41123095607054,,
EA|2026-06-28,-59.0,99.1023966223546,89.51144984543889,,
EA|2026-06-28,-58.0,99.37497323671587,89.90769756629575,,
EA|2026-06-28,-57.0,99.27275235992693,89.97595981630211,,
EA|2026-06-28,-56.0,99.29223008335872,92.23268417246014,,
EA|2026-06-28,-55.0,98.420943935083,92.80176200397408,,
EA|2026-06-28,-54.0,98.68378912197396,92.69610524059009,,
EA|2026-06-28,-53.0,98.59616910351326,93.6391282058807,,
EA|2026-06-28,-52.0,98.73733799292022,94.7424655400463,,
EA|2026-06-28,-51.0,98.92716401967876,95.498110919749,,
EA|2026-06-28,-50.0,98.99043688384972,95.74735677161055,,
EA|2026-06-28,-49.0,99.21434892661388,96.90019934223636,,
EA|2026-06-28,-48.0,98.98557488723736,96.67012216227134,,
EA|2026-06-28,-47.0,99.07805690231044,96.05643915659702,,
EA|2026-06-28,-46.0,98.70325941116018,97.06119759514505,,
EA|2026-06-28,-45.0,98.57183681771468,96.66005645163914,,
EA|2026-06-28,-44.0,98.6497179744595,97.43079375763934,,
EA|2026-06-28,-43.0,98.54262766681258,97.55086520293794,,
EA|2026-06-28,-42.0,98.581568245185,97.07343447159302,,
EA|2026-06-28,-41.0,98.6497179744595,97.03468546944954,,
EA|2026-06-28,-40.0,98.50368708844016,98.02814986196498,,
EA|2026-06-28,-39.0,98.3674024983823,98.3152085252054,,
EA|2026-06-28,-38.0,98.2359799049368,97.91583352881572,,
EA|2026-06-28,-37.0,98.11429617320722,98.71091179469562,,
EA|2026-06-28,-36.0,97.73462181695342,100.1509391819273,,
EA|2026-06-28,-35.0,97.76383096785553,99.77005561305124,,
EA|2026-06-28,-34.0,97.56426607938108,100.61068852315772,,
EA|2026-06-28,-33.0,97.4571757717342,100.79983225586189,,
EA|2026-06-28,-32.0,97.44257491340588,100.63828955158654,,
EA|2026-06-28,-31.0,97.43770548254795,101.2269477133474,,
EA|2026-06-28,-30.0,97.72975982034104,102.00190119761376,,
EA|2026-06-28,-29.0,97.66161009106656,100.74081903943772,,
EA|2026-06-28,-28.0,97.86118241378654,100.6667072570653,,
EA|2026-06-28,-27.0,98.1775690373782,99.99442269331723,,
EA|2026-06-28,-26.0,98.12402760067756,101.073565139921,,
EA|2026-06-28,-25.0,98.2603121907354,101.24693970194474,,
EA|2026-06-28,-24.0,97.82224183541412,101.62428433693758,,
EA|2026-06-28,-23.0,97.90012299215896,102.2450319310767,,
EA|2026-06-28,-22.0,97.77344344739647,102.2618900044904,,
EA|2026-06-28,-21.0,98.00243307989496,102.85027594056795,,
EA|2026-06-28,-20.0,98.28014675795524,103.07369355076774,,
EA|2026-06-28,-19.0,98.41656516443362,103.34429251964325,,
EA|2026-06-28,-18.0,98.42143459529154,103.47782253713936,,
EA|2026-06-28,-17.0,98.72351029613276,102.7149797759556,,
EA|2026-06-28,-16.0,99.09865719682554,103.13148507144231,,
EA|2026-06-28,-15.0,98.90377588306944,100.40413562602248,,
EA|2026-06-28,-14.0,99.00121653994746,100.70315230037674,,
EA|2026-06-28,-13.0,98.65042422779004,100.44370130521592,,
EA|2026-06-28,-12.0,99.00121653994746,98.81656855807964,,
EA|2026-06-28,-11.0,98.92813790585032,100.5477247145,,
EA|2026-06-28,-10.0,99.03532485868988,101.05302869995704,,
EA|2026-06-28,-9.0,98.96223879034712,102.7232726998208,,
EA|2026-06-28,-8.0,98.91352217903092,102.13937516769266,,
EA|2026-06-28,-7.0,98.91352217903092,100.89855722379733,,
EA|2026-06-28,-6.0,98.48964379853076,101.99292438971484,,
EA|2026-06-28,-5.0,98.88916015625,101.61503530335536,,
EA|2026-06-28,-4.0,99.15712753834882,100.155560378893,,
EA|2026-06-28,-3.0,99.64433825698464,100.05711427629168,,
EA|2026-06-28,-2.0,99.7466483447206,100.04718799832656,,
EA|2026-06-28,-1.0,100.0,100.0,100.0,100.0
EA|2026-06-28,0.0,99.90255934312196,101.1750057250389,99.40658957592562,100.87295421108064
EA|2026-06-28,1.0,99.89768247801842,101.97633190233364,99.1928024171832,101.2684364958818
EA|2026-06-28,2.0,100.09744065687804,101.75699767738377,98.92169189299112,101.46284135318288
EA|2026-06-28,3.0,99.98051484232262,101.7571371100508,98.71456961141868,101.64852229177446
EA|2026-06-28,4.0,99.98051484232262,102.49401219690574,98.62224847236652,101.90519803362837
EA|2026-06-28,5.0,100.09257122602008,102.03739013120814,98.39884097955874,101.99269459097567
EA|2026-06-28,6.0,99.8246038439213,101.74992644926812,98.20888212449933,102.088871015761
EA|2026-06-28,7.0,100.63824485193362,102.57845527594289,98.16670563209917,102.3184694741337
EA|2026-06-28,8.0,100.56516621783646,103.01019193039416,98.08312350216318,102.488635855114
EA|2026-06-28,9.0,100.53593476419762,102.19362775448404,97.854012647172,102.49261803061648
EA|2026-06-28,10.0,100.6820920323919,102.57777139190918,97.7773903229013,102.64422145573069
EA|2026-06-30,-63.0,98.69721718536252,85.26012696809772,,
EA|2026-06-30,-62.0,99.3306001708419,87.74385170338289,,
EA|2026-06-30,-61.0,99.18930847436891,88.3728449683131,,
EA|2026-06-30,-60.0,99.1990568349514,88.47189995590628,,
EA|2026-06-30,-59.0,99.47189930881144,88.86354581549115,,
EA|2026-06-30,-58.0,99.36957873017856,88.93101529524772,,
EA|2026-06-30,-57.0,99.38907545134352,91.16153096459308,,
EA|2026-06-30,-56.0,98.5169394880563,91.723999755611,,
EA|2026-06-30,-55.0,98.7800410428305,91.61957004727851,,
EA|2026-06-30,-54.0,98.6923355635747,92.55164112405558,,
EA|2026-06-30,-53.0,98.83364214304088,93.64216474326258,,
EA|2026-06-30,-52.0,99.0236533179364,94.3890343621844,,
EA|2026-06-30,-51.0,99.086987895736,94.63538557321264,,
EA|2026-06-30,-50.0,99.31111833267016,95.774839495023,,
EA|2026-06-30,-49.0,99.08212115694138,95.54743433866425,,
EA|2026-06-30,-48.0,99.17469337499185,94.94087839999486,,
EA|2026-06-30,-47.0,98.79953032249884,95.9339679791332,,
EA|2026-06-30,-46.0,98.66797954511172,95.53748552713704,,
EA|2026-06-30,-45.0,98.74593666378507,96.29927180080904,,
EA|2026-06-30,-44.0,98.63874190486092,96.417948784752,,
EA|2026-06-30,-43.0,98.67772046419758,95.94606274143176,,
EA|2026-06-30,-42.0,98.74593666378507,95.90776375457646,,
EA|2026-06-30,-41.0,98.59976334552424,96.8896904521794,,
EA|2026-06-30,-40.0,98.46334582934252,97.17341533184045,,
EA|2026-06-30,-39.0,98.33179505195542,96.77867851563995,,
EA|2026-06-30,-38.0,98.20999263515078,97.56452306309733,,
EA|2026-06-30,-37.0,97.82994796086992,98.98782655283983,,
EA|2026-06-30,-36.0,97.85918560112074,98.61136641216916,,
EA|2026-06-30,-35.0,97.6594260656428,99.44223655058168,,
EA|2026-06-30,-34.0,97.55223130671864,99.6291836442326,,
EA|2026-06-30,-33.0,97.53761620734151,99.4695170317944,,
EA|2026-06-30,-32.0,97.53274202705028,100.05133875499811,,
EA|2026-06-30,-31.0,97.82508122207533,100.81729224194171,,
EA|2026-06-30,-30.0,97.75686502248784,99.57085578351123,,
EA|2026-06-30,-29.0,97.95663199946245,99.4976047054991,,
EA|2026-06-30,-28.0,98.2733272129504,98.83312778362463,,
EA|2026-06-30,-27.0,98.21973355423664,99.89973750493914,,
EA|2026-06-30,-26.0,98.35615107041838,100.07109856470018,,
EA|2026-06-30,-25.0,97.91765344012576,100.44406087123896,,
EA|2026-06-30,-24.0,97.9956105587991,101.057599353091,,
EA|2026-06-30,-23.0,97.86880745626055,101.07426164363685,,
EA|2026-06-30,-22.0,98.09802043539156,101.6558143026766,,
EA|2026-06-30,-21.0,98.37600498342148,101.87663723082838,,
EA|2026-06-30,-20.0,98.51255644654248,102.14409357237868,,
EA|2026-06-30,-19.0,98.51743062683371,102.27607282608788,,
EA|2026-06-30,-18.0,98.8198009593131,101.52208941317171,,
EA|2026-06-30,-17.0,99.1953137621476,101.93375758408206,,
EA|2026-06-30,-16.0,99.00024236954516,99.23808247551632,,
EA|2026-06-30,-15.0,99.09777806584636,99.53362649077133,,
EA|2026-06-30,-14.0,98.7466436059647,99.2771886548636,,
EA|2026-06-30,-13.0,99.09777806584636,97.6689527714298,,
EA|2026-06-30,-12.0,99.02462815399464,99.3800039782121,,
EA|2026-06-30,-11.0,99.13191965237496,99.87943956690908,,
EA|2026-06-30,-10.0,99.05876229902655,101.53028602636265,,
EA|2026-06-30,-9.0,99.00999817162428,100.95316964475852,,
EA|2026-06-30,-8.0,99.00999817162428,99.72676206019412,,
EA|2026-06-30,-7.0,98.58570635839423,100.80841968707053,,
EA|2026-06-30,-6.0,98.9856123871748,100.43491925220376,,
EA|2026-06-30,-5.0,99.25384113312565,98.99239408108714,,
EA|2026-06-30,-4.0,99.74152705612832,98.8950912918302,,
EA|2026-06-30,-3.0,99.84393693272077,98.88528029365531,,
EA|2026-06-30,-2.0,100.09753569630122,98.83864031771624,,
EA|2026-06-30,-1.0,100.0,100.0,100.0,100.0
EA|2026-06-30,0.0,99.99511837821214,100.79201989814806,99.35792515033212,100.82362807059285
EA|2026-06-30,1.0,100.19507139260242,100.57523293245616,99.01659446384502,101.08862095821846
EA|2026-06-30,2.0,100.07803153363962,100.57537074580844,98.77329884312688,101.31073403166444
EA|2026-06-30,3.0,100.07803153363962,101.30368806249584,98.6579486902044,101.59033166527598
EA|2026-06-30,4.0,100.19019721231118,100.85236902136968,98.41828353775472,101.69457013998084
EA|2026-06-30,5.0,99.92196846636038,100.56824382673292,98.2160774565486,101.80339482995431
EA|2026-06-30,6.0,100.73640306479528,101.38715045365858,98.16418444869244,102.04255783005196
EA|2026-06-30,7.0,100.66325315294353,101.8138730926714,98.0727117078235,102.22066132213152
EA|2026-06-30,8.0,100.6339931882028,101.00679216388028,97.83713450433488,102.23176884257424
EA|2026-06-30,9.0,100.78029301190634,101.3864745119783,97.75493238063876,102.38902141296232
EA|2026-07-01,-63.0,99.33544935178053,87.05436381972446,,
EA|2026-07-01,-62.0,99.1941507576446,87.67841447925666,,
EA|2026-07-01,-61.0,99.2038995941284,87.77669109648618,,
EA|2026-07-01,-60.0,99.47675538777632,88.16525941764951,,
EA|2026-07-01,-59.0,99.37442981399592,88.23219872477397,,
EA|2026-07-01,-58.0,99.39392748696352,90.44518708595506,,
EA|2026-07-01,-57.0,98.52174894721868,91.00323601838672,,
EA|2026-07-01,-56.0,98.78486334624272,90.89962691477118,,
EA|2026-07-01,-55.0,98.69715358532812,91.82437381211378,,
EA|2026-07-01,-54.0,98.83846706318384,92.9063281377727,,
EA|2026-07-01,-53.0,99.02848751415908,93.64732888334414,,
EA|2026-07-01,-52.0,99.09182518386416,93.8917442758298,,
EA|2026-07-01,-51.0,99.31596656253272,95.02224441161611,,
EA|2026-07-01,-50.0,99.08695820748218,94.7966261964156,,
EA|2026-07-01,-49.0,99.1795349447788,94.1948365514791,,
EA|2026-07-01,-48.0,98.80435357735044,95.18012247008843,,
EA|2026-07-01,-47.0,98.6727963778384,94.78675556227488,,
EA|2026-07-01,-46.0,98.75075730226922,95.542555748085,,
EA|2026-07-01,-45.0,98.6435573102469,95.66030017275564,,
EA|2026-07-01,-44.0,98.68253777246233,95.19212219220012,,
EA|2026-07-01,-43.0,98.75075730226922,95.1541241573418,,
EA|2026-07-01,-42.0,98.60457684803148,96.1283349119186,,
EA|2026-07-01,-41.0,98.46815267213748,96.4098302921558,,
EA|2026-07-01,-40.0,98.33659547262543,96.01819530299754,,
EA|2026-07-01,-39.0,98.21478710959724,96.79786471358332,,
EA|2026-07-01,-38.0,97.83472388206708,98.20998393808222,,
EA|2026-07-01,-37.0,97.86396294965856,97.83648200702548,,
EA|2026-07-01,-36.0,97.66419366219954,98.66082319916758,,
EA|2026-07-01,-35.0,97.55699367017723,98.84630126959404,,
EA|2026-07-01,-34.0,97.5423778573114,98.68788931138587,,
EA|2026-07-01,-33.0,97.53750343906952,99.26513910139076,,
EA|2026-07-01,-32.0,97.82985690568506,100.02507375466747,,
EA|2026-07-01,-31.0,97.76163737587817,98.78843174700653,,
EA|2026-07-01,-30.0,97.9614141051971,98.71575627320796,,
EA|2026-07-01,-29.0,98.27812477930236,98.05650078597203,,
EA|2026-07-01,-28.0,98.22452850422115,99.11472912824786,,
EA|2026-07-01,-27.0,98.36095268011516,99.28474363925204,,
EA|2026-07-01,-26.0,97.92243364298167,99.65477522202578,,
EA|2026-07-01,-25.0,98.0003945674125,100.26349254158346,,
EA|2026-07-01,-24.0,97.87358527452388,100.28002390047745,,
EA|2026-07-01,-23.0,98.10280944351187,100.85700674061438,,
EA|2026-07-01,-22.0,98.38080756235853,101.07609445050944,,
EA|2026-07-01,-21.0,98.51736569173092,101.34144913019594,,
EA|2026-07-01,-20.0,98.5222401099728,101.47239129589772,,
EA|2026-07-01,-19.0,98.82462520374882,100.7243326562573,,
EA|2026-07-01,-18.0,99.20015633859305,101.13276595417746,,
EA|2026-07-01,-17.0,99.00507542287812,98.45827335913891,,
EA|2026-07-01,-16.0,99.10261588073556,98.75149500064752,,
EA|2026-07-01,-15.0,98.75146427896078,98.497072243601,,
EA|2026-07-01,-14.0,99.10261588073556,96.90147381719883,,
EA|2026-07-01,-13.0,99.02946239780744,98.59907964800902,,
EA|2026-07-01,-12.0,99.13675913400864,99.09459069065076,,
EA|2026-07-01,-11.0,99.0635982092206,100.73246486077036,,
EA|2026-07-01,-10.0,99.01483170122184,100.1598834379679,,
EA|2026-07-01,-9.0,99.01483170122184,98.94311291803616,,
EA|2026-07-01,-8.0,98.59051917465904,100.01627091999843,,
EA|2026-07-01,-7.0,98.99044472629248,99.64570543748884,,
EA|2026-07-01,-6.0,99.25868656679545,98.21451557486448,,
EA|2026-07-01,-5.0,99.74639629794262,98.11797738726268,,
EA|2026-07-01,-4.0,99.84881117404194,98.10824348354213,,
EA|2026-07-01,-3.0,100.10242231795928,98.06197000277822,,
EA|2026-07-01,-2.0,100.00488186010182,99.2142037643968,,
EA|2026-07-01,-1.0,100.0,100.0,100.0,100.0
EA|2026-07-01,0.0,100.19996277581672,99.7849165381238,99.22816912372724,100.69487787137588
EA|2026-07-01,1.0,100.08291720313174,99.78505326854396,98.9127647330969,100.98676008908254
EA|2026-07-01,2.0,100.08291720313174,100.5076474951736,98.75676509663036,101.29886388135682
EA|2026-07-01,3.0,100.19508835757482,100.05987490208312,98.49402413243811,101.42741808120547
EA|2026-07-01,4.0,99.9268465170719,99.77798235253022,98.27494176438027,101.55304276422498
EA|2026-07-01,5.0,100.74132087506447,100.5904540420084,98.20609979165953,101.80028544237464
EA|2026-07-01,6.0,100.66816739213638,101.0138235105874,98.10177966895792,101.98551432837994
EA|2026-07-01,7.0,100.63890599896511,100.213084593353,97.85977792902528,102.00709101926785
EA|2026-07-01,8.0,100.78521296482135,100.5897834118524,97.7680692541941,102.16849295482858
EA|2026-07-06,-63.0,99.12171064396608,87.96577064528834,,
EA|2026-07-06,-62.0,99.39434038066145,88.35517598049182,,
EA|2026-07-06,-61.0,99.29209958209168,88.42225948140884,,
EA|2026-07-06,-60.0,99.31158110152823,90.64001483523468,,
EA|2026-07-06,-59.0,98.440125148686,91.19926585946357,,
EA|2026-07-06,-58.0,98.70302156135752,91.09543357173936,,
EA|2026-07-06,-57.0,98.61538446667076,92.02217246404008,,
EA|2026-07-06,-56.0,98.75658086841922,93.10645742478178,,
EA|2026-07-06,-55.0,98.94644389028694,93.84905435818948,,
EA|2026-07-06,-54.0,99.00972908567802,94.09399624525535,,
EA|2026-07-06,-53.0,99.23368476655972,95.22693158853156,,
EA|2026-07-06,-52.0,99.00486614151332,95.00082736970298,,
EA|2026-07-06,-51.0,99.09736618036482,94.39774141121084,,
EA|2026-07-06,-50.0,98.72249564509966,95.38514973173125,,
EA|2026-07-06,-49.0,98.59104743876388,94.99093547325415,,
EA|2026-07-06,-48.0,98.6689437737324,95.74836372633744,,
EA|2026-07-06,-47.0,98.56183259530349,95.86636178397612,,
EA|2026-07-06,-46.0,98.60078076278776,95.39717530241406,,
EA|2026-07-06,-45.0,98.6689437737324,95.35909541608476,,
EA|2026-07-06,-44.0,98.52288442781922,96.33540471558972,,
EA|2026-07-06,-43.0,98.38657327731876,96.61750646431518,,
EA|2026-07-06,-42.0,98.255125070983,96.225027855215,,
EA|2026-07-06,-41.0,98.13341762436552,97.00637674971074,,
EA|2026-07-06,-40.0,97.7536692735468,98.42153781666792,,
EA|2026-07-06,-39.0,97.7828841170072,98.04723132604394,,
EA|2026-07-06,-38.0,97.5832803354212,98.87334822946798,,
EA|2026-07-06,-37.0,97.47616915699228,99.05922583773793,,
EA|2026-07-06,-36.0,97.46156545310927,98.90047264473031,,
EA|2026-07-06,-35.0,97.45669507325016,99.47896588705125,,
EA|2026-07-06,-34.0,97.74880632938208,100.24053751364704,,
EA|2026-07-06,-33.0,97.68064331843742,99.00123165855784,,
EA|2026-07-06,-32.0,97.88025453571784,98.92839963470452,,
EA|2026-07-06,-31.0,98.1967028197566,98.26772404688708,,
EA|2026-07-06,-30.0,98.14315094838938,99.32823191616474,,
EA|2026-07-06,-29.0,98.27946209888984,99.49861265499806,,
EA|2026-07-06,-28.0,97.8413063682336,99.86944132187055,,
EA|2026-07-06,-27.0,97.9192027032021,100.47946987787032,,
EA|2026-07-06,-26.0,97.79249846991998,100.49603684692276,,
EA|2026-07-06,-25.0,98.0215327301052,101.07426256433972,,
EA|2026-07-06,-24.0,98.29930053165958,101.29382221051785,,
EA|2026-07-06,-23.0,98.43574552466,101.5597484900503,,
EA|2026-07-06,-22.0,98.44061590451912,101.69097271794078,,
EA|2026-07-06,-21.0,98.74275047675812,100.94130268707234,,
EA|2026-07-06,-20.0,99.11797048966206,101.35061579012894,,
EA|2026-07-06,-19.0,98.92305119557416,98.67036207734002,,
EA|2026-07-06,-18.0,99.02051084261812,98.9642153468467,,
EA|2026-07-06,-17.0,98.66965016470434,98.7092445383812,,
EA|2026-07-06,-16.0,99.02051084261812,97.11020903743496,,
EA|2026-07-06,-15.0,98.94741796625875,98.81147167668168,,
EA|2026-07-06,-14.0,99.05462580871544,99.30805009841002,,
EA|2026-07-06,-13.0,98.98152549666165,100.9494524091466,,
EA|2026-07-06,-12.0,98.93279939098689,100.37563759014613,,
EA|2026-07-06,-11.0,98.93279939098689,99.15624602790768,,
EA|2026-07-06,-10.0,98.50883840101936,100.23171571681408,,
EA|2026-07-06,-9.0,98.90843262030228,99.86035200013364,,
EA|2026-07-06,-8.0,99.17645222644398,98.42607921503756,,
EA|2026-07-06,-7.0,99.66375789735812,98.32933307476944,,
EA|2026-07-06,-6.0,99.7660879242612,98.31957820327143,,
EA|2026-07-06,-5.0,100.01948895513102,98.2732050449194,,
EA|2026-07-06,-4.0,99.92202930808706,99.42792083037642,,
EA|2026-07-06,-3.0,99.91715149253348,100.21540974766788,,
EA|2026-07-06,-2.0,100.11694860217494,99.9998629750492,,
EA|2026-07-06,-1.0,100.0,100.0,100.0,100.0
EA|2026-07-06,0.0,100.0,100.72415076502988,99.34401559904524,100.81122818636888
EA|2026-07-06,1.0,100.1120782223158,100.27541362612652,98.976069028504,101.04967851805688
EA|2026-07-06,2.0,99.84405861617414,99.99291385254394,98.69884626541575,101.23735188204743
EA|2026-07-06,3.0,100.65785819431746,100.8071356852383,98.589753957546,101.52356447525074
EA|2026-07-06,4.0,100.58476531795807,101.23141713292124,98.45668613510485,101.73812172088182
EA|2026-07-06,5.0,100.55552816741437,100.42895334600574,98.19496280657349,101.78575118981792
EA|2026-07-06,6.0,100.70171392013307,100.80646361047955,98.08567054837911,101.96553237055952
EA|2026-07-09,-63.0,99.46669083566316,90.64643817550748,,
EA|2026-07-09,-62.0,98.59387379985702,91.20572883189698,,
EA|2026-07-09,-61.0,98.857180817135,91.10188918594233,,
EA|2026-07-09,-60.0,98.76940684650376,92.02869375298133,,
EA|2026-07-09,-59.0,98.9108237757687,93.11305555319916,,
EA|2026-07-09,-58.0,99.1009833350847,93.85570511184966,,
EA|2026-07-09,-57.0,99.16436737242071,94.10066435708885,,
EA|2026-07-09,-56.0,99.38867283835,95.23367998752332,,
EA|2026-07-09,-55.0,99.15949683306955,95.00755974548096,,
EA|2026-07-09,-54.0,99.25214134305196,94.4044310484,,
EA|2026-07-09,-53.0,98.8766853164633,95.39190934308849,,
EA|2026-07-09,-52.0,98.74503180782428,94.99766714802811,,
EA|2026-07-09,-51.0,98.82304980513746,95.75514907739785,,
EA|2026-07-09,-50.0,98.71577133517792,95.87315549714543,,
EA|2026-07-09,-49.0,98.75478033383452,95.40393576598134,,
EA|2026-07-09,-48.0,98.82304980513746,95.3658531810639,,
EA|2026-07-09,-47.0,98.67676233652136,96.34223166818818,,
EA|2026-07-09,-46.0,98.5402382885312,96.62435340847618,,
EA|2026-07-09,-45.0,98.4085847798922,96.23184698579212,,
EA|2026-07-09,-44.0,98.2866872445713,97.01325125174638,,
EA|2026-07-09,-43.0,97.90634578401573,98.42851260621002,,
EA|2026-07-09,-42.0,97.93560625666208,98.05417958979652,,
EA|2026-07-09,-41.0,97.73569072402802,98.880355037231,,
EA|2026-07-09,-40.0,97.6284122540685,99.06624581799578,,
EA|2026-07-09,-39.0,97.6137857413992,98.90748137470564,,
EA|2026-07-09,-38.0,97.6089077547402,99.48601561281576,,
EA|2026-07-09,-37.0,97.90147524466455,100.24764120932436,,
EA|2026-07-09,-36.0,97.8332057733616,99.0082475289714,,
EA|2026-07-09,-35.0,98.03312875330352,98.93541034376776,,
EA|2026-07-09,-34.0,98.35007128190732,98.27468793618624,,
EA|2026-07-09,-33.0,98.29643577058152,99.33527095994086,,
EA|2026-07-09,-32.0,98.43295981857167,99.50566377306016,,
EA|2026-07-09,-31.0,97.99411975464696,99.876518719261,,
EA|2026-07-09,-30.0,98.07213775196011,100.48659050584716,,
EA|2026-07-09,-29.0,97.94523562574626,100.50315864894264,,
EA|2026-07-09,-28.0,98.17462760295513,101.08142534319026,,
EA|2026-07-09,-27.0,98.45282923598587,101.3010005487912,,
EA|2026-07-09,-26.0,98.58948733551782,101.56694567358736,,
EA|2026-07-09,-25.0,98.59436532217686,101.69817920087912,,
EA|2026-07-09,-24.0,98.8969717831186,100.9484560435222,,
EA|2026-07-09,-23.0,99.27277783317749,101.3577981531643,,
EA|2026-07-09,-22.0,99.07755410450554,98.67735450018566,,
EA|2026-07-09,-21.0,99.17516596884153,98.97122859404396,,
EA|2026-07-09,-20.0,98.8237572993857,98.71623971669062,,
EA|2026-07-09,-19.0,99.17516596884153,97.11709089770102,,
EA|2026-07-09,-18.0,99.1019589324165,98.8184740994702,,
EA|2026-07-09,-17.0,99.20933421737844,99.31508771197142,,
EA|2026-07-09,-16.0,99.13611973364554,100.9566063431387,,
EA|2026-07-09,-15.0,99.08731752513152,100.3827508598925,,
EA|2026-07-09,-14.0,99.08731752513152,99.16327288364648,,
EA|2026-07-09,-13.0,98.66269437194283,100.23881878732156,,
EA|2026-07-09,-12.0,99.06291269722054,99.86742875339569,,
EA|2026-07-09,-11.0,99.33135090962536,98.43305432641264,,
EA|2026-07-09,-10.0,99.81941767861308,98.33630133008452,,
EA|2026-07-09,-9.0,99.92190752960806,98.32654576729296,,
EA|2026-07-09,-8.0,100.17570433472788,98.28016932263766,,
EA|2026-07-09,-7.0,100.07809247039192,99.4349669387566,,
EA|2026-07-09,-6.0,100.07320703642502,100.2225116626285,,
EA|2026-07-09,-5.0,100.27331619906386,100.00694961496524,,
EA|2026-07-09,-4.0,100.15618494078385,100.00708664962652,,
EA|2026-07-09,-3.0,100.15618494078385,100.73128873268386,,
EA|2026-07-09,-2.0,100.2684382124048,100.28251979335172,,
EA|2026-07-09,-1.0,100.0,100.0,100.0,100.0
EA|2026-07-09,0.0,100.81507061053254,100.81427953374282,99.33193305367948,100.82589957697868
EA|2026-07-09,1.0,100.7418635741075,101.23859104876544,99.05965759299328,101.17323764345392
EA|2026-07-09,2.0,100.7125807595375,100.43607039405296,98.73295415761008,101.31921405889942
EA|2026-07-09,3.0,100.85899483238757,100.81360741135651,98.56519131574052,101.55252551835332
EOG|2026-07-09,-63.0,100.28250774251318,90.64643817550748,,
EOG|2026-07-09,-62.0,98.50114748669694,91.20572883189698,,
EOG|2026-07-09,-61.0,98.2198818289432,91.10188918594233,,
EOG|2026-07-09,-60.0,98.77520461682904,92.02869375298133,,
EOG|2026-07-09,-59.0,96.34475526383322,93.11305555319916,,
EOG|2026-07-09,-58.0,95.47932161766455,93.85570511184966,,
EOG|2026-07-09,-57.0,97.44168245703884,94.10066435708885,,
EOG|2026-07-09,-56.0,93.3425365899317,95.23367998752332,,
EOG|2026-07-09,-55.0,93.87310640296911,95.00755974548096,,
EOG|2026-07-09,-54.0,96.24972468969509,94.4044310484,,
EOG|2026-07-09,-53.0,96.67126829496586,95.39190934308849,,
EOG|2026-07-09,-52.0,97.29631418001668,94.99766714802811,,
EOG|2026-07-09,-51.0,96.75849147918764,95.75514907739785,,
EOG|2026-07-09,-50.0,96.82390054982211,95.87315549714543,,
EOG|2026-07-09,-49.0,98.68449915926388,95.40393576598134,,
EOG|2026-07-09,-48.0,101.1119985609561,95.3658531810639,,
EOG|2026-07-09,-47.0,102.1658631191543,96.34223166818818,,
EOG|2026-07-09,-46.0,100.98844439752123,96.62435340847618,,
EOG|2026-07-09,-45.0,102.92172714547408,96.23184698579212,,
EOG|2026-07-09,-44.0,102.34756237538951,97.01325125174638,,
EOG|2026-07-09,-43.0,97.89229306368856,98.42851260621002,,
EOG|2026-07-09,-42.0,95.13046215090488,98.05417958979652,,
EOG|2026-07-09,-41.0,94.50541626585404,98.880355037231,,
EOG|2026-07-09,-40.0,96.8893096204566,99.06624581799578,,
EOG|2026-07-09,-39.0,97.48528850412848,98.90748137470564,,
EOG|2026-07-09,-38.0,98.06671725204716,99.48601561281576,,
EOG|2026-07-09,-37.0,98.83713141412017,100.24764120932436,,
EOG|2026-07-09,-36.0,101.94054672578694,99.0082475289714,,
EOG|2026-07-09,-35.0,103.92471058870602,98.93541034376776,,
EOG|2026-07-09,-34.0,104.87681291697172,98.27468793618624,,
EOG|2026-07-09,-33.0,102.9362661911848,99.33527095994086,,
EOG|2026-07-09,-32.0,101.7370444460069,99.50566377306016,,
EOG|2026-07-09,-31.0,102.63827674934883,99.876518719261,,
EOG|2026-07-09,-30.0,98.98975257893392,100.48659050584716,,
EOG|2026-07-09,-29.0,97.60884266756334,100.50315864894264,,
EOG|2026-07-09,-28.0,97.81234494734336,101.08142534319026,,
EOG|2026-07-09,-27.0,96.94019073542286,101.3010005487912,,
EOG|2026-07-09,-26.0,99.29500599860398,101.56694567358736,,
EOG|2026-07-09,-25.0,100.71953304710672,101.69817920087912,,
EOG|2026-07-09,-24.0,102.84177902912889,100.9484560435222,,
EOG|2026-07-09,-23.0,102.39116842247915,101.3577981531643,,
EOG|2026-07-09,-22.0,100.13809320914557,98.67735450018566,,
EOG|2026-07-09,-21.0,101.86059860944174,98.97122859404396,,
EOG|2026-07-09,-20.0,99.81103676593068,98.71623971669062,,
EOG|2026-07-09,-19.0,101.95508577149764,97.11709089770102,,
EOG|2026-07-09,-18.0,99.22959692796952,98.8184740994702,,
EOG|2026-07-09,-17.0,99.31680902214882,99.31508771197142,,
EOG|2026-07-09,-16.0,95.9226682464802,100.9566063431387,,
EOG|2026-07-09,-15.0,95.97354936144644,100.3827508598925,,
EOG|2026-07-09,-14.0,96.84570357336696,99.16327288364648,,
EOG|2026-07-09,-13.0,94.4690741965985,100.23881878732156,,
EOG|2026-07-09,-12.0,96.5404501536969,99.86742875339569,,
EOG|2026-07-09,-11.0,98.04491422850236,98.43305432641264,,
EOG|2026-07-09,-10.0,97.71785778528746,98.33630133008452,,
EOG|2026-07-09,-9.0,97.09281190023664,98.32654576729296,,
EOG|2026-07-09,-8.0,96.3732899431724,98.28016932263766,,
EOG|2026-07-09,-7.0,95.88632617722465,99.4349669387566,,
EOG|2026-07-09,-6.0,94.28737494036328,100.2225116626285,,
EOG|2026-07-09,-5.0,93.45882677553244,100.00694961496524,,
EOG|2026-07-09,-4.0,95.05051403455968,100.00708664962652,,
EOG|2026-07-09,-3.0,94.0402666134936,100.73128873268386,,
EOG|2026-07-09,-2.0,97.78326685592194,100.28251979335172,,
EOG|2026-07-09,-1.0,100.0,100.0,100.0,100.0
EOG|2026-07-09,0.0,97.0564698309811,100.81427953374282,96.22125202650756,103.08476781422364
EOG|2026-07-09,1.0,97.46348548058369,101.23859104876544,94.76212721760484,104.46474997437912
EOG|2026-07-09,2.0,101.4681330955924,100.43607039405296,94.52256922654942,106.51373302689152
EOG|2026-07-09,3.0,100.30525341967004,100.81360741135651,93.590772038534,107.43634254143404
KMI|2026-07-06,-63.0,101.89635422758512,87.96577064528834,,
KMI|2026-07-06,-62.0,102.5762650878945,88.35517598049182,,
KMI|2026-07-06,-61.0,102.91623241666773,88.42225948140884,,
KMI|2026-07-06,-60.0,101.86544161663198,90.64001483523468,,
KMI|2026-07-06,-59.0,101.89635422758512,91.19926585946357,,
KMI|2026-07-06,-58.0,101.00007888784089,91.09543357173936,,
KMI|2026-07-06,-57.0,99.11482607134865,92.02217246404008,,
KMI|2026-07-06,-56.0,97.816781978162,93.10645742478178,,
KMI|2026-07-06,-55.0,97.97131528638133,93.84905435818948,,
KMI|2026-07-06,-54.0,98.2494692918668,94.09399624525535,,
KMI|2026-07-06,-53.0,98.9602987124386,95.22693158853156,,
KMI|2026-07-06,-52.0,98.71305136859696,95.00082736970298,,
KMI|2026-07-06,-51.0,97.56953463432036,94.39774141121084,,
KMI|2026-07-06,-50.0,98.31127666584526,95.38514973173125,,
KMI|2026-07-06,-49.0,98.06402932200363,94.99093547325415,,
KMI|2026-07-06,-48.0,98.09493598364747,95.74836372633744,,
KMI|2026-07-06,-47.0,95.65338110549352,95.86636178397612,,
KMI|2026-07-06,-46.0,98.2494692918668,95.39717530241406,,
KMI|2026-07-06,-45.0,98.4039907014676,95.35909541608476,,
KMI|2026-07-06,-44.0,101.58728761114648,96.33540471558972,,
KMI|2026-07-06,-43.0,100.5364849124922,96.61750646431518,,
KMI|2026-07-06,-42.0,101.2788516214902,96.225027855215,,
KMI|2026-07-06,-41.0,100.71740340731222,97.00637674971074,,
KMI|2026-07-06,-40.0,98.50280277908894,98.42153781666792,,
KMI|2026-07-06,-39.0,98.31565535746604,98.04723132604394,,
KMI|2026-07-06,-38.0,97.97254679339964,98.87334822946798,,
KMI|2026-07-06,-37.0,100.59263449335742,99.05922583773793,,
KMI|2026-07-06,-36.0,101.2164671645128,98.90047264473031,,
KMI|2026-07-06,-35.0,102.33936359286876,99.47896588705125,,
KMI|2026-07-06,-34.0,104.17966342853695,100.24053751364704,,
KMI|2026-07-06,-33.0,104.89706683584916,99.00123165855784,,
KMI|2026-07-06,-32.0,105.3649324152518,98.92839963470452,,
KMI|2026-07-06,-31.0,107.01809077860634,98.26772404688708,,
KMI|2026-07-06,-30.0,104.77229792189438,99.32823191616474,,
KMI|2026-07-06,-29.0,104.49157381480538,99.49861265499806,,
KMI|2026-07-06,-28.0,105.39613059304976,99.86944132187055,,
KMI|2026-07-06,-27.0,102.52650506518242,100.47946987787032,,
KMI|2026-07-06,-26.0,100.4990637572006,100.49603684692276,,
KMI|2026-07-06,-25.0,99.53212252197883,101.07426256433972,,
KMI|2026-07-06,-24.0,96.94322705050976,101.29382221051785,,
KMI|2026-07-06,-23.0,96.22582364319754,101.5597484900503,,
KMI|2026-07-06,-22.0,98.06612347886572,101.69097271794078,,
KMI|2026-07-06,-21.0,97.84778382875412,100.94130268707234,,
KMI|2026-07-06,-20.0,98.877103571644,101.35061579012894,,
KMI|2026-07-06,-19.0,98.81471911466664,98.67036207734002,,
KMI|2026-07-06,-18.0,97.59825195015384,98.9642153468467,,
KMI|2026-07-06,-17.0,97.75420714328804,98.7092445383812,,
KMI|2026-07-06,-16.0,99.31378287186725,97.11020903743496,,
KMI|2026-07-06,-15.0,97.81659160026544,98.81147167668168,,
KMI|2026-07-06,-14.0,99.62569920744492,99.30805009841002,,
KMI|2026-07-06,-13.0,98.12850198653386,100.9494524091466,,
KMI|2026-07-06,-12.0,98.06612347886572,100.37563759014613,,
KMI|2026-07-06,-11.0,97.72301491479936,99.15624602790768,,
KMI|2026-07-06,-10.0,98.53399500757764,100.23171571681408,,
KMI|2026-07-06,-9.0,100.59263449335742,99.86035200013364,,
KMI|2026-07-06,-8.0,101.4971912716018,98.42607921503756,,
KMI|2026-07-06,-7.0,101.653146464736,98.32933307476944,,
KMI|2026-07-06,-6.0,102.9631843654056,98.31957820327143,,
KMI|2026-07-06,-5.0,103.52463257958362,98.2732050449194,,
KMI|2026-07-06,-4.0,100.65501895033482,99.42792083037642,,
KMI|2026-07-06,-3.0,99.71926994360174,100.21540974766788,,
KMI|2026-07-06,-2.0,98.93948207931214,99.9998629750492,,
KMI|2026-07-06,-1.0,100.0,100.0,100.0,100.0
KMI|2026-07-06,0.0,98.84591134315532,100.72415076502988,97.44857308930604,102.6018828170182
KMI|2026-07-06,1.0,101.3412360784676,100.27541362612652,96.6009712773454,103.90546318066468
KMI|2026-07-06,2.0,101.3100379006696,99.99291385254394,95.97127439773789,104.93526517031611
KMI|2026-07-06,3.0,101.0605119713786,100.8071356852383,95.28706210138112,105.63878162464955
KMI|2026-07-06,4.0,100.18714147231364,101.23141713292124,94.74977799039225,106.33235469453813
KMI|2026-07-06,5.0,100.561448214178,100.42895334600574,94.46840987962965,107.1930413580427
KMI|2026-07-06,6.0,101.4971912716018,100.80646361047955,94.03904957528157,107.79498477195555
MSFT|2026-06-26,-63.0,103.50001163340536,88.03491340006133,,
MSFT|2026-06-26,-62.0,100.89815079021096,86.56280735379417,,
MSFT|2026-06-26,-61.0,101.5175063722086,86.22125225807565,,
MSFT|2026-06-26,-60.0,104.68781259371052,88.73297566919341,,
MSFT|2026-06-26,-59.0,104.4615623204985,89.36905948577595,,
MSFT|2026-06-26,-58.0,105.61825148965973,89.46923110616174,,
MSFT|2026-06-26,-57.0,105.4542247987356,89.86529193384187,,
MSFT|2026-06-26,-56.0,105.28736976316202,89.93352198745167,,
MSFT|2026-06-26,-55.0,105.86430017541792,92.18918194282772,,
MSFT|2026-06-26,-54.0,105.50796334707518,92.75799136456124,,
MSFT|2026-06-26,-53.0,104.88577942042808,92.65238443497338,,
MSFT|2026-06-26,-52.0,108.70371602105016,93.59496261648748,,
MSFT|2026-06-26,-51.0,111.17547301036984,94.69777955341534,,
MSFT|2026-06-26,-50.0,116.29716405255256,95.45306852736968,,
MSFT|2026-06-26,-49.0,118.85377138135571,95.7021968205764,,
MSFT|2026-06-26,-48.0,119.56928203206272,96.85449564445248,,
MSFT|2026-06-26,-47.0,118.23441579935808,96.624526982096,,
MSFT|2026-06-26,-46.0,119.95673065154942,96.01113342456335,,
MSFT|2026-06-26,-45.0,122.43414433016795,97.01541796134094,,
MSFT|2026-06-26,-44.0,117.57829173691758,96.61446601903089,,
MSFT|2026-06-26,-43.0,120.08681720668012,97.3848398010637,,
MSFT|2026-06-26,-42.0,120.14338409966912,97.5048546137745,,
MSFT|2026-06-26,-41.0,121.39622833753968,97.0276490661754,,
MSFT|2026-06-26,-40.0,120.04156369228892,96.9889183402862,,
MSFT|2026-06-26,-39.0,115.3242999868616,97.9819141579518,,
MSFT|2026-06-26,-38.0,117.20781318532758,98.26883742784445,,
MSFT|2026-06-26,-37.0,116.97590622281665,97.8696507996342,,
MSFT|2026-06-26,-36.0,116.34241756694377,98.66435406095243,,
MSFT|2026-06-26,-35.0,117.07206129152596,100.10370224858542,,
MSFT|2026-06-26,-34.0,118.9979996597337,99.72299832626986,,
MSFT|2026-06-26,-33.0,117.4001233227462,100.56323474562883,,
MSFT|2026-06-26,-32.0,116.7044110845854,100.75228926728848,,
MSFT|2026-06-26,-31.0,115.32146299284014,100.59082275582789,,
MSFT|2026-06-26,-30.0,114.59747595755684,101.17920327260032,,
MSFT|2026-06-26,-29.0,115.79093360716092,101.95379124430752,,
MSFT|2026-06-26,-28.0,119.3232333463045,100.6933038848856,,
MSFT|2026-06-26,-27.0,119.78139058202748,100.61922705788504,,
MSFT|2026-06-26,-26.0,118.05059069588783,99.9472595821382,,
MSFT|2026-06-26,-25.0,119.08001300519577,101.02589304320242,,
MSFT|2026-06-26,-24.0,118.77958571756876,101.19918583182796,,
MSFT|2026-06-26,-23.0,118.63220906777671,101.57635248942472,,
MSFT|2026-06-26,-22.0,117.91231318545732,102.19680730335664,,
MSFT|2026-06-26,-21.0,116.96001732642203,102.21365742553496,,
MSFT|2026-06-26,-20.0,121.01862270340791,102.80176584502134,,
MSFT|2026-06-26,-19.0,127.60819867053964,103.02507807864806,,
MSFT|2026-06-26,-18.0,130.52178288121482,103.29554941751272,,
MSFT|2026-06-26,-17.0,125.07723672976584,103.42901645458564,,
MSFT|2026-06-26,-16.0,121.11782235106712,102.6665334938486,,
MSFT|2026-06-26,-15.0,121.31904999103492,103.08284234152325,,
MSFT|2026-06-26,-14.0,118.09370781539091,100.35677927069965,,
MSFT|2026-06-26,-13.0,116.69642771421402,100.65565491162148,,
MSFT|2026-06-26,-12.0,114.33552107666,100.396326288447,,
MSFT|2026-06-26,-11.0,112.62080902247132,98.76996099054033,,
MSFT|2026-06-26,-10.0,110.63118532810483,100.50030063431848,,
MSFT|2026-06-26,-9.0,110.74455264712732,101.00536628940266,,
MSFT|2026-06-26,-8.0,113.30103023535028,102.67482250629472,,
MSFT|2026-06-26,-7.0,111.62032751193117,102.09120037376876,,
MSFT|2026-06-26,-6.0,107.39166683172552,100.8509676708605,,
MSFT|2026-06-26,-5.0,107.53054114882517,101.94481867038664,,
MSFT|2026-06-26,-4.0,104.1124650165337,101.56710781821778,,
MSFT|2026-06-26,-3.0,105.9830560532068,100.1083212659293,,
MSFT|2026-06-26,-2.0,103.5796291028188,100.00992159616251,,
MSFT|2026-06-26,-1.0,100.0,100.0,100.0,100.0
MSFT|2026-06-26,0.0,105.70813576365694,99.95283425824287,96.14677813927791,103.40908316428056
MSFT|2026-06-26,1.0,104.46107795566554,101.1272857831159,95.46609130065586,105.82589385342176
MSFT|2026-06-26,2.0,105.72230343502024,101.92823400897524,94.79964129082768,107.55472160005156
MSFT|2026-06-26,3.0,108.91364492926674,101.70900323463944,93.46394366897522,108.13743613395644
MSFT|2026-06-26,4.0,110.67369699156676,101.70914260154208,92.43146501352898,108.80743092720527
MSFT|2026-06-26,5.0,109.61086215815844,102.44567013579646,92.07809148781052,110.10086264586182
MSFT|2026-06-26,6.0,110.20605139474152,101.98926343928314,90.82802271350538,110.18232068688792
MSFT|2026-06-26,7.0,108.64722697240929,101.701935341721,89.77068271424035,110.37198503293376
MSFT|2026-06-26,8.0,108.93631493332244,102.530073386629,89.63406795412958,111.60471994678316
MSFT|2026-06-26,9.0,109.14605355535464,102.96160640928476,89.21449858592695,112.41902668174905
MSFT|2026-06-26,10.0,110.81540830268789,102.14542737192514,87.86079782544725,111.9817405556574
MSFT|2026-06-26,11.0,109.0978679038498,102.52938982515428,87.46070579089876,112.69349967227838
TSLA|2026-06-26,-63.0,99.19758749072156,88.03491340006133,,
TSLA|2026-06-26,-62.0,96.45713139317724,86.56280735379417,,
TSLA|2026-06-26,-61.0,94.711026712481,86.22125225807565,,
TSLA|2026-06-26,-60.0,99.10162210464554,88.73297566919341,,
TSLA|2026-06-26,-59.0,101.63681348058222,89.36905948577595,,
TSLA|2026-06-26,-58.0,96.12657310502532,89.46923110616174,,
TSLA|2026-06-26,-57.0,94.05523883470882,89.86529193384187,,
TSLA|2026-06-26,-56.0,92.41042823862026,89.93352198745167,,
TSLA|2026-06-26,-55.0,91.50405322775948,92.18918194282772,,
TSLA|2026-06-26,-54.0,92.13584975901266,92.75799136456124,,
TSLA|2026-06-26,-53.0,93.02357025730372,92.65238443497338,,
TSLA|2026-06-26,-52.0,93.94860791615184,93.59496261648748,,
TSLA|2026-06-26,-51.0,97.08893605984804,94.69777955341534,,
TSLA|2026-06-26,-50.0,104.48656891365818,95.45306852736968,,
TSLA|2026-06-26,-49.0,103.67349087189876,95.7021968205764,,
TSLA|2026-06-26,-48.0,106.79782478458228,96.85449564445248,,
TSLA|2026-06-26,-47.0,104.63318540974682,96.624526982096,,
TSLA|2026-06-26,-46.0,103.01237429559488,96.01113342456335,,
TSLA|2026-06-26,-45.0,103.30294700621512,97.01541796134094,,
TSLA|2026-06-26,-44.0,99.62678771734174,96.61446601903089,,
TSLA|2026-06-26,-43.0,100.31456405713924,97.3848398010637,,
TSLA|2026-06-26,-42.0,100.94636872381008,97.5048546137745,,
TSLA|2026-06-26,-41.0,100.23992160060762,97.0276490661754,,
TSLA|2026-06-26,-40.0,99.38152928278484,96.9889183402862,,
TSLA|2026-06-26,-39.0,101.73544728363288,97.9819141579518,,
TSLA|2026-06-26,-38.0,104.18533067055692,98.26883742784445,,
TSLA|2026-06-26,-37.0,104.63585382672149,97.8696507996342,,
TSLA|2026-06-26,-36.0,103.79878443844304,98.66435406095243,,
TSLA|2026-06-26,-35.0,106.29399023684805,100.10370224858542,,
TSLA|2026-06-26,-34.0,109.77554220117716,99.72299832626986,,
TSLA|2026-06-26,-33.0,114.19012893986071,100.56323474562883,,
TSLA|2026-06-26,-32.0,118.62870702506328,100.75228926728848,,
TSLA|2026-06-26,-31.0,115.54969552386068,100.59082275582789,,
TSLA|2026-06-26,-30.0,118.70068106462028,101.17920327260032,,
TSLA|2026-06-26,-29.0,118.17551545192406,101.95379124430752,,
TSLA|2026-06-26,-28.0,112.56131257478484,100.6933038848856,,
TSLA|2026-06-26,-27.0,109.29569086454433,100.61922705788504,,
TSLA|2026-06-26,-26.0,107.72819114196206,99.9472595821382,,
TSLA|2026-06-26,-25.0,111.23374258822778,101.02589304320242,,
TSLA|2026-06-26,-24.0,111.39102461679742,101.19918583182796,,
TSLA|2026-06-26,-23.0,113.56632952411388,101.57635248942472,,
TSLA|2026-06-26,-22.0,115.58701268441772,102.19680730335664,,
TSLA|2026-06-26,-21.0,117.39176559063291,102.21365742553496,,
TSLA|2026-06-26,-20.0,117.85562269625312,102.80176584502134,,
TSLA|2026-06-26,-19.0,116.17349493960754,103.02507807864806,,
TSLA|2026-06-26,-18.0,110.86585900410122,103.29554941751272,,
TSLA|2026-06-26,-17.0,112.96118462093672,103.42901645458564,,
TSLA|2026-06-26,-16.0,112.95052722387338,102.6665334938486,,
TSLA|2026-06-26,-15.0,111.55097506234172,103.08284234152325,,
TSLA|2026-06-26,-14.0,104.23331336359492,100.35677927069965,,
TSLA|2026-06-26,-13.0,109.0184521033797,100.65565491162148,,
TSLA|2026-06-26,-12.0,105.74749355918988,100.396326288447,,
TSLA|2026-06-26,-11.0,101.7247817511519,98.76996099054033,,
TSLA|2026-06-26,-10.0,106.40594985393672,100.50030063431848,,
TSLA|2026-06-26,-9.0,108.34666185917725,101.00536628940266,,
TSLA|2026-06-26,-8.0,109.60492622315188,102.67482250629472,,
TSLA|2026-06-26,-7.0,107.87481577346831,102.09120037376876,,
TSLA|2026-06-26,-6.0,105.66752240412652,100.8509676708605,,
TSLA|2026-06-26,-5.0,106.76316790558228,101.94481867038664,,
TSLA|2026-06-26,-4.0,107.97877827505064,101.56710781821778,,
TSLA|2026-06-26,-3.0,101.7301104496836,100.1083212659293,,
TSLA|2026-06-26,-2.0,100.10929933553165,100.00992159616251,,
TSLA|2026-06-26,-1.0,100.0,100.0,100.0,100.0
TSLA|2026-06-26,0.0,101.22360748497468,99.95283425824287,95.77475353505528,103.48223358380616
TSLA|2026-06-26,1.0,109.7888680152152,101.1272857831159,95.94439891896388,107.0488052914292
TSLA|2026-06-26,2.0,112.12412336807591,101.92823400897524,95.80553719436097,109.5648688515562
TSLA|2026-06-26,3.0,113.37705089810127,101.70900323463944,94.09684688342956,109.87668964854744
TSLA|2026-06-26,4.0,104.88644095981007,101.70914260154208,92.90046065493516,110.49265886020994
TSLA|2026-06-26,5.0,111.902856280038,102.44567013579646,93.024166230561,112.49709283704614
TSLA|2026-06-26,6.0,107.40562996931646,101.98926343928314,91.22591286414132,112.02692609980164
TSLA|2026-06-26,7.0,105.04905168691138,101.701935341721,89.78133263876221,111.84006003664742
TSLA|2026-06-26,8.0,108.37865032120256,102.530073386629,90.19232335117002,113.87270444827772
TSLA|2026-06-26,9.0,108.70121962926576,102.96160640928476,89.98963830358363,115.07297696585375
TSLA|2026-06-26,10.0,105.2356618959493,102.14542737192514,87.82058898354092,113.66995267096
TSLA|2026-06-26,11.0,105.61420287713928,102.52938982515428,87.60024225759497,114.70868140946484
TTWO|2026-07-09,-63.0,80.40814740895593,90.64643817550748,,
TTWO|2026-07-09,-62.0,78.78510589737799,91.20572883189698,,
TTWO|2026-07-09,-61.0,78.39525956572727,91.10188918594233,,
TTWO|2026-07-09,-60.0,80.10183654194012,92.02869375298133,,
TTWO|2026-07-09,-59.0,81.58962611172214,93.11305555319916,,
TTWO|2026-07-09,-58.0,85.18974848310475,93.85570511184966,,
TTWO|2026-07-09,-57.0,85.1022310925288,94.10066435708885,,
TTWO|2026-07-09,-56.0,84.35038156076929,95.23367998752332,,
TTWO|2026-07-09,-55.0,86.26382444562606,95.00755974548096,,
TTWO|2026-07-09,-54.0,86.58206288043783,94.4044310484,,
TTWO|2026-07-09,-53.0,86.7968805009457,95.39190934308849,,
TTWO|2026-07-09,-52.0,83.49908100062886,94.99766714802811,,
TTWO|2026-07-09,-51.0,83.83721692512765,95.75514907739785,,
TTWO|2026-07-09,-50.0,85.0385870475719,95.87315549714543,,
TTWO|2026-07-09,-49.0,84.73625203648803,95.40393576598134,,
TTWO|2026-07-09,-48.0,85.66313634939945,95.3658531810639,,
TTWO|2026-07-09,-47.0,85.03460512163083,96.34223166818818,,
TTWO|2026-07-09,-46.0,85.93762215893226,96.62435340847618,,
TTWO|2026-07-09,-45.0,89.57752736967083,96.23184698579212,,
TTWO|2026-07-09,-44.0,88.75407601108141,97.01325125174638,,
TTWO|2026-07-09,-43.0,88.3125132022697,98.42851260621002,,
TTWO|2026-07-09,-42.0,88.9092193725553,98.05417958979652,,
TTWO|2026-07-09,-41.0,87.6959156123061,98.880355037231,,
TTWO|2026-07-09,-40.0,88.10167750770285,99.06624581799578,,
TTWO|2026-07-09,-39.0,89.89975380043268,98.90748137470564,,
TTWO|2026-07-09,-38.0,90.2975579139564,99.48601561281576,,
TTWO|2026-07-09,-37.0,96.43169661609134,100.24764120932436,,
TTWO|2026-07-09,-36.0,96.44363025389634,99.0082475289714,,
TTWO|2026-07-09,-35.0,96.3322455877104,98.93541034376776,,
TTWO|2026-07-09,-34.0,94.73307135174244,98.27468793618624,,
TTWO|2026-07-09,-33.0,94.12840739958384,99.33527095994086,,
TTWO|2026-07-09,-32.0,94.70920407613248,99.50566377306016,,
TTWO|2026-07-09,-31.0,90.52032724632824,99.876518719261,,
TTWO|2026-07-09,-30.0,87.78343300288203,100.48659050584716,,
TTWO|2026-07-09,-29.0,86.90428931119966,100.50315864894264,,
TTWO|2026-07-09,-28.0,86.66958027101377,101.08142534319026,,
TTWO|2026-07-09,-27.0,89.17177154428313,101.3010005487912,,
TTWO|2026-07-09,-26.0,90.29357598801536,101.56694567358736,,
TTWO|2026-07-09,-25.0,88.46368070781162,101.69817920087912,,
TTWO|2026-07-09,-24.0,85.84612891242433,100.9484560435222,,
TTWO|2026-07-09,-23.0,86.18425876691408,101.3577981531643,,
TTWO|2026-07-09,-22.0,85.2852236555537,98.67735450018566,,
TTWO|2026-07-09,-21.0,84.5532655434722,98.97122859404396,,
TTWO|2026-07-09,-20.0,84.35436348671033,98.71623971669062,,
TTWO|2026-07-09,-19.0,83.72185640300975,97.11709089770102,,
TTWO|2026-07-09,-18.0,84.36629712451531,98.8184740994702,,
TTWO|2026-07-09,-17.0,84.2350210386514,99.31508771197142,,
TTWO|2026-07-09,-16.0,86.0171817676352,100.9566063431387,,
TTWO|2026-07-09,-15.0,91.4830124726546,100.3827508598925,,
TTWO|2026-07-09,-14.0,90.71127152121711,99.16327288364648,,
TTWO|2026-07-09,-13.0,95.18656779835916,100.23881878732156,,
TTWO|2026-07-09,-12.0,95.30193439048612,99.86742875339569,,
TTWO|2026-07-09,-11.0,96.52318986259928,98.43305432641264,,
TTWO|2026-07-09,-10.0,93.79027754509411,98.33630133008452,,
TTWO|2026-07-09,-9.0,94.96379846598732,98.32654576729296,,
TTWO|2026-07-09,-8.0,94.88821471321636,98.28016932263766,,
TTWO|2026-07-09,-7.0,98.31728422938808,99.4349669387566,,
TTWO|2026-07-09,-6.0,99.44307059906131,100.2225116626285,,
TTWO|2026-07-09,-5.0,99.57832861086628,100.00694961496524,,
TTWO|2026-07-09,-4.0,101.43607309262106,100.00708664962652,,
TTWO|2026-07-09,-3.0,102.79656243247116,100.73128873268386,,
TTWO|2026-07-09,-2.0,102.54992582448934,100.28251979335172,,
TTWO|2026-07-09,-1.0,100.0,100.0,100.0,100.0
TTWO|2026-07-09,0.0,97.89959476619538,100.81427953374282,96.25377312428633,104.85245977547704
TTWO|2026-07-09,1.0,96.74595919497112,101.23859104876544,94.7149609546444,106.90649441997586
TTWO|2026-07-09,2.0,97.1039865391479,100.43607039405296,92.72909470499071,107.56209722029816
TTWO|2026-07-09,3.0,94.29548439886273,100.81360741135651,91.7852890785175,108.95102958069748
WMT|2026-06-24,-63.0,102.00764498309482,89.01508055109953,,
WMT|2026-06-24,-62.0,102.85177853315017,89.49746434443601,,
WMT|2026-06-24,-61.0,102.11629134500052,87.9396560513726,,
WMT|2026-06-24,-60.0,102.70970006423204,86.46914288358445,,
WMT|2026-06-24,-59.0,103.2195253215788,86.12795736433955,,
WMT|2026-06-24,-58.0,103.87144182525884,88.63696298880265,,
WMT|2026-06-24,-57.0,104.25590147283984,89.27235853688384,,
WMT|2026-06-24,-56.0,105.13347990732284,89.3724217675115,,
WMT|2026-06-24,-55.0,105.9692634165096,89.76805404130423,,
WMT|2026-06-24,-54.0,102.37538538281584,89.8362102672273,,
WMT|2026-06-24,-53.0,106.36208588237444,92.08942950699866,,
WMT|2026-06-24,-52.0,107.92500015013462,92.65762345385605,,
WMT|2026-06-24,-51.0,105.9525441686496,92.55213079525144,,
WMT|2026-06-24,-50.0,104.11381661521412,93.49368906892404,,
WMT|2026-06-24,-49.0,104.5150018993628,94.59531271317464,,
WMT|2026-06-24,-48.0,104.27262072069988,95.3497844338101,,
WMT|2026-06-24,-47.0,104.32276568686464,95.59864316009414,,
WMT|2026-06-24,-46.0,106.56267213574112,96.74969514988338,,
WMT|2026-06-24,-45.0,106.91369967630972,96.51997532295152,,
WMT|2026-06-24,-44.0,108.31782900470704,95.90724548213916,,
WMT|2026-06-24,-43.0,108.63541166084802,96.91044334229488,,
WMT|2026-06-24,-42.0,110.34877360451776,96.50992524625671,,
WMT|2026-06-24,-41.0,108.5852730833909,97.2794654525962,,
WMT|2026-06-24,-40.0,106.63788639063443,97.39935040440952,,
WMT|2026-06-24,-39.0,106.63788639063443,96.92266121257757,,
WMT|2026-06-24,-38.0,106.98892031991068,96.88397239490544,,
WMT|2026-06-24,-37.0,110.26519653134062,97.87589375080132,,
WMT|2026-06-24,-36.0,109.9893960230806,98.1625065580728,,
WMT|2026-06-24,-35.0,108.92795058309096,97.76375186599296,,
WMT|2026-06-24,-34.0,109.3123974532567,98.55759522613404,,
WMT|2026-06-24,-33.0,108.71900151144042,99.99538598062033,,
WMT|2026-06-24,-32.0,108.81929144376996,99.6150939953974,,
WMT|2026-06-24,-31.0,109.2195567540203,100.45442124485446,,
WMT|2026-06-24,-30.0,106.84139867209431,100.64327120184996,,
WMT|2026-06-24,-29.0,109.15257754325825,100.48197940370692,,
WMT|2026-06-24,-28.0,110.09043982291011,101.06972326888425,,
WMT|2026-06-24,-27.0,110.91945130201222,101.84347310497384,,
WMT|2026-06-24,-26.0,110.07368863151198,100.58434964402444,,
WMT|2026-06-24,-25.0,111.65633761713214,100.51035297115666,,
WMT|2026-06-24,-24.0,112.3764855182692,99.83911259148653,,
WMT|2026-06-24,-23.0,109.57126788630502,100.91657892737574,,
WMT|2026-06-24,-22.0,101.60776938400974,101.08968420617188,,
WMT|2026-06-24,-21.0,100.71177230543798,101.46644275414,,
WMT|2026-06-24,-20.0,99.288227694562,102.08622621078564,,
WMT|2026-06-24,-19.0,99.26310729617242,102.103058100448,,
WMT|2026-06-24,-18.0,99.5645648542627,102.69053016275952,,
WMT|2026-06-24,-17.0,96.92681441532656,102.9136007634876,,
WMT|2026-06-24,-16.0,95.96382534857746,103.1837794413881,,
WMT|2026-06-24,-15.0,94.67425832534852,103.31710206171093,,
WMT|2026-06-24,-14.0,97.88142788637656,102.5554441384784,,
WMT|2026-06-24,-13.0,98.59320019181452,102.97130252308632,,
WMT|2026-06-24,-12.0,99.54781366286454,100.24818916312692,,
WMT|2026-06-24,-11.0,100.34332914787798,100.54674140847716,,
WMT|2026-06-24,-10.0,99.54781366286454,100.28769338939632,,
WMT|2026-06-24,-9.0,100.9797338694396,98.66308788473862,,
WMT|2026-06-24,-8.0,100.90437267427085,100.3915552308064,,
WMT|2026-06-24,-7.0,101.35655901140626,100.89607438435657,,
WMT|2026-06-24,-6.0,101.17233423827246,102.5637241818767,,
WMT|2026-06-24,-5.0,101.3481834157072,101.98073355218104,,
WMT|2026-06-24,-4.0,98.9197781482944,100.74184283138504,,
WMT|2026-06-24,-3.0,98.1242690519886,101.83451023974206,,
WMT|2026-06-24,-2.0,98.1242690519886,101.45720808604244,,
WMT|2026-06-24,-1.0,100.0,100.0,100.0,100.0
WMT|2026-06-24,0.0,99.64830164513052,99.90170680266888,96.75898698768432,103.29254584256408
WMT|2026-06-24,1.0,96.95193481371614,99.89179594207602,95.4370531084082,104.6799233169154
WMT|2026-06-24,2.0,96.87657361854735,99.84468123556545,94.4265263418558,105.75005599629564
WMT|2026-06-24,3.0,95.96382534857746,101.0178619562302,93.66839132548566,106.76013369711848
WMT|2026-06-24,4.0,94.8417382957918,101.81794352360728,92.98470722860904,107.63573566383144
WMT|2026-06-24,5.0,91.12376600515006,101.59894996586554,92.30082874590568,108.35288815648624
WMT|2026-06-24,6.0,93.65265286612116,101.59908918196751,91.6884645704188,109.03247934836168
WMT|2026-06-24,7.0,92.65617419399103,102.3348197635421,91.17206812859366,109.73036483732088
WMT|2026-06-24,8.0,93.40144249351768,101.87890691759507,90.60780860376836,110.29155394503871
WMT|2026-06-24,9.0,94.70775431943716,101.59188972069404,90.08565740688265,110.83650111723848
WMT|2026-06-24,10.0,93.96248601991051,102.41913168663224,89.66658800247149,111.45147685239968
WMT|2026-06-24,11.0,95.37766142379505,102.8501977730462,89.24162179958753,112.01034518969806
WMT|2026-06-24,12.0,96.1145541276226,102.03490187452492,88.75117784310287,112.44278639106372
WMT|2026-06-24,13.0,95.21018145335177,102.41844886479876,88.35967910995886,112.96112280649795
KMI|2026-07-08,-63.0,101.55415149760027,88.17940139453152,,
KMI|2026-07-08,-62.0,100.51726775639338,90.3910655239807,,
KMI|2026-07-08,-61.0,100.54777124357128,90.94878052510154,,
KMI|2026-07-08,-60.0,99.66335797368552,90.84523342021365,,
KMI|2026-07-08,-59.0,97.80305619580656,91.76942695758068,,
KMI|2026-07-08,-58.0,96.52219152174476,92.85073385179548,,
KMI|2026-07-08,-57.0,96.67467960477909,93.59129118938618,,
KMI|2026-07-08,-56.0,96.94915228366976,93.83556032596547,,
KMI|2026-07-08,-55.0,97.65057398334332,94.96538398094468,,
KMI|2026-07-08,-54.0,97.40659892105948,94.73990077359376,,
KMI|2026-07-08,-53.0,96.27821645946096,94.1384712340052,,
KMI|2026-07-08,-52.0,97.0101416463124,95.12316756664954,,
KMI|2026-07-08,-51.0,96.7661665840286,94.73003604594908,,
KMI|2026-07-08,-50.0,96.79666420063543,95.48538396793052,,
KMI|2026-07-08,-49.0,94.38742293554618,95.60305793542832,,
KMI|2026-07-08,-48.0,96.94915228366976,95.13516010823872,,
KMI|2026-07-08,-47.0,97.10162862556194,95.0971848110524,,
KMI|2026-07-08,-46.0,100.24279507750268,96.07081260693974,,
KMI|2026-07-08,-45.0,99.20589959515368,96.35213954294947,,
KMI|2026-07-08,-44.0,99.93844119196544,95.9607389045402,,
KMI|2026-07-08,-43.0,99.38442366079651,96.73994176817436,,
KMI|2026-07-08,-42.0,97.19913294013814,98.15121599361264,,
KMI|2026-07-08,-41.0,97.01446238660552,97.77793756265096,,
KMI|2026-07-08,-40.0,96.67589481298651,98.60178547666123,,
KMI|2026-07-08,-39.0,99.26130604472742,98.7871525587288,,
KMI|2026-07-08,-38.0,99.87688238393088,98.62883539276876,,
KMI|2026-07-08,-37.0,100.98491744626872,99.20573976184752,,
KMI|2026-07-08,-36.0,102.8008611892908,99.96521967726854,,
KMI|2026-07-08,-35.0,103.50876986997504,98.72931766472745,,
KMI|2026-07-08,-34.0,103.9704433185211,98.65668567925906,,
KMI|2026-07-08,-33.0,105.60172237858164,97.99782468439868,,
KMI|2026-07-08,-32.0,103.38565225390596,99.055419792639,,
KMI|2026-07-08,-31.0,103.10864348832148,99.22533256853497,,
KMI|2026-07-08,-30.0,104.00122859310945,99.59514272783797,,
KMI|2026-07-08,-29.0,101.16958212923028,100.2034957965914,,
KMI|2026-07-08,-28.0,99.16897370324662,100.2200172632734,,
KMI|2026-07-08,-27.0,98.21482979042416,100.79665484222456,,
KMI|2026-07-08,-26.0,95.6601979627005,101.01561145206384,,
KMI|2026-07-08,-25.0,94.95228928201624,101.28080734596855,,
KMI|2026-07-08,-24.0,96.76823302503834,101.41167115709156,,
KMI|2026-07-08,-23.0,96.55278306748843,100.66406014881034,,
KMI|2026-07-08,-22.0,97.56847991777444,101.07224904402916,,
KMI|2026-07-08,-21.0,97.50692110973988,98.3993568405802,,
KMI|2026-07-08,-20.0,96.30655370592126,98.69240302097523,,
KMI|2026-07-08,-19.0,96.4604448554366,98.4381325081493,,
KMI|2026-07-08,-18.0,97.99937983287424,96.84348887306224,,
KMI|2026-07-08,-17.0,96.52200366347114,98.54007887227162,,
KMI|2026-07-08,-16.0,98.30716800247598,99.03529340569636,,
KMI|2026-07-08,-15.0,96.82978596250184,100.67218748708753,,
KMI|2026-07-08,-14.0,96.76823302503834,100.09994869170352,,
KMI|2026-07-08,-13.0,96.42966545141932,98.88390627597748,,
KMI|2026-07-08,-12.0,97.22991234415542,99.9564221101342,,
KMI|2026-07-08,-11.0,99.26130604472742,99.58607837057605,,
KMI|2026-07-08,-10.0,100.15389114951536,98.15574491870548,,
KMI|2026-07-08,-9.0,100.30778229903068,98.05926449866068,,
KMI|2026-07-08,-8.0,101.60048204433008,98.04953641961792,,
KMI|2026-07-08,-7.0,102.154499575499,98.0032906284762,,
KMI|2026-07-08,-6.0,99.32286485276197,99.15483490408732,,
KMI|2026-07-08,-5.0,98.39950034395676,99.94016092650357,,
KMI|2026-07-08,-4.0,97.63003285523794,99.72520616857815,,
KMI|2026-07-08,-3.0,98.67651498011226,99.72534281718012,,
KMI|2026-07-08,-2.0,97.53770051375716,100.44750465011938,,
KMI|2026-07-08,-1.0,100.0,100.0,100.0,100.0
KMI|2026-07-08,0.0,99.96921472541167,99.718276132337,97.61980270346665,102.83350944924102
KMI|2026-07-08,1.0,99.72299123441552,100.5302616462838,96.5772064758874,103.95334226745176
KMI|2026-07-08,2.0,98.86117966307384,100.95337777449532,95.84987884656714,104.89334429171237
KMI|2026-07-08,3.0,99.23053251128118,100.1531180120101,95.44948258736476,105.92480441986476
KMI|2026-07-08,4.0,100.15389114951536,100.52959141742666,94.93915734100054,106.66424856275746
UNP|2026-07-08,-63.0,86.47851481404672,88.17940139453152,,
UNP|2026-07-08,-62.0,87.53266044903698,90.3910655239807,,
UNP|2026-07-08,-61.0,88.24947646270306,90.94878052510154,,
UNP|2026-07-08,-60.0,88.02459364149563,90.84523342021365,,
UNP|2026-07-08,-59.0,88.31623636075933,91.76942695758068,,
UNP|2026-07-08,-58.0,88.56220295698867,92.85073385179548,,
UNP|2026-07-08,-57.0,87.15316866718204,93.59129118938618,,
UNP|2026-07-08,-56.0,88.22137015218692,93.83556032596547,,
UNP|2026-07-08,-55.0,88.24596250019941,94.96538398094468,,
UNP|2026-07-08,-54.0,88.61139843203975,94.73990077359376,,
UNP|2026-07-08,-53.0,88.28461608773954,94.1384712340052,,
UNP|2026-07-08,-52.0,87.63455997212975,95.12316756664954,,
UNP|2026-07-08,-51.0,95.31576941334934,94.73003604594908,,
UNP|2026-07-08,-50.0,94.41622734949354,95.48538396793052,,
UNP|2026-07-08,-49.0,94.49002056207016,95.60305793542832,,
UNP|2026-07-08,-48.0,94.07889772816934,95.13516010823872,,
UNP|2026-07-08,-47.0,93.03880794319367,95.0971848110524,,
UNP|2026-07-08,-46.0,94.69030564575203,96.07081260693974,,
UNP|2026-07-08,-45.0,93.5799366107034,96.35213954294947,,
UNP|2026-07-08,-44.0,92.55741663824595,95.9607389045402,,
UNP|2026-07-08,-43.0,92.7682436094388,96.73994176817436,,
UNP|2026-07-08,-42.0,94.25108189084813,98.15121599361264,,
UNP|2026-07-08,-41.0,93.0774615307338,97.77793756265096,,
UNP|2026-07-08,-40.0,92.99312643064624,98.60178547666123,,
UNP|2026-07-08,-39.0,92.53633286322408,98.7871525587288,,
UNP|2026-07-08,-38.0,93.32694208946678,98.62883539276876,,
UNP|2026-07-08,-37.0,92.99312643064624,99.20573976184752,,
UNP|2026-07-08,-36.0,94.64111017070095,99.96521967726854,,
UNP|2026-07-08,-35.0,95.06979203809394,98.72931766472745,,
UNP|2026-07-08,-34.0,96.67560822810488,98.65668567925906,,
UNP|2026-07-08,-33.0,95.42117750943274,97.99782468439868,,
UNP|2026-07-08,-32.0,93.39721056051368,99.055419792639,,
UNP|2026-07-08,-31.0,93.2707186894084,99.22533256853497,,
UNP|2026-07-08,-30.0,93.42533303956895,99.59514272783797,,
UNP|2026-07-08,-29.0,95.25954601329096,100.2034957965914,,
UNP|2026-07-08,-28.0,98.1725023595288,100.2200172632734,,
UNP|2026-07-08,-27.0,93.81887528192544,100.79665484222456,,
UNP|2026-07-08,-26.0,92.7663249427957,101.01561145206384,,
UNP|2026-07-08,-25.0,93.07007789786572,101.28080734596855,,
UNP|2026-07-08,-24.0,93.48685972046104,101.41167115709156,,
UNP|2026-07-08,-23.0,92.58618585886632,100.66406014881034,,
UNP|2026-07-08,-22.0,93.21135859275934,101.07224904402916,,
UNP|2026-07-08,-21.0,96.18536734274156,98.3993568405802,,
UNP|2026-07-08,-20.0,94.8961634859198,98.69240302097523,,
UNP|2026-07-08,-19.0,95.81802891279725,98.4381325081493,,
UNP|2026-07-08,-18.0,94.316898624122,96.84348887306224,,
UNP|2026-07-08,-17.0,94.75840753255588,98.54007887227162,,
UNP|2026-07-08,-16.0,96.31958777554964,99.03529340569636,,
UNP|2026-07-08,-15.0,94.41933170900596,100.67218748708753,,
UNP|2026-07-08,-14.0,94.46525036012726,100.09994869170352,,
UNP|2026-07-08,-13.0,91.14509474548348,98.88390627597748,,
UNP|2026-07-08,-12.0,90.73184844344397,99.9564221101342,,
UNP|2026-07-08,-11.0,91.80206560632668,99.58607837057605,,
UNP|2026-07-08,-10.0,91.34288987413976,98.15574491870548,,
UNP|2026-07-08,-9.0,91.8197216510536,98.05926449866068,,
UNP|2026-07-08,-8.0,94.5641479244554,98.04953641961792,,
UNP|2026-07-08,-7.0,94.78313461839446,98.0032906284762,,
UNP|2026-07-08,-6.0,96.31958777554964,99.15483490408732,,
UNP|2026-07-08,-5.0,96.0723384752162,99.94016092650357,,
UNP|2026-07-08,-4.0,98.0962191919266,99.72520616857815,,
UNP|2026-07-08,-3.0,99.69271152437418,99.72534281718012,,
UNP|2026-07-08,-2.0,99.81280065398506,100.44750465011938,,
UNP|2026-07-08,-1.0,100.0,100.0,100.0,100.0
UNP|2026-07-08,0.0,99.23001105065754,99.718276132337,96.85000382851317,103.15176480285034
UNP|2026-07-08,1.0,100.67816242612597,100.5302616462838,95.8771133099884,104.82013978499276
UNP|2026-07-08,2.0,101.3563140732258,100.95337777449532,95.0839566690354,106.06133383774616
UNP|2026-07-08,3.0,102.12277828103852,100.1531180120101,94.08329919333028,106.73849685261948
UNP|2026-07-08,4.0,101.82961032958382,100.52959141742666,93.5315038118865,107.71001670350272
UNP|2026-07-09,-63.0,88.21188219393729,90.64643817550748,,
UNP|2026-07-09,-62.0,88.93426044027261,91.20572883189698,,
UNP|2026-07-09,-61.0,88.7076326098145,91.10188918594233,,
UNP|2026-07-09,-60.0,89.00153837096052,92.02869375298133,,
UNP|2026-07-09,-59.0,89.24941357889914,93.11305555319916,,
UNP|2026-07-09,-58.0,87.82944569328912,93.85570511184966,,
UNP|2026-07-09,-57.0,88.90593603496562,94.10066435708885,,
UNP|2026-07-09,-56.0,88.93071921069252,95.23367998752332,,
UNP|2026-07-09,-55.0,89.29899079302035,95.00755974548096,,
UNP|2026-07-09,-54.0,88.96967273607346,94.4044310484,,
UNP|2026-07-09,-53.0,88.31457242042607,95.39190934308849,,
UNP|2026-07-09,-52.0,96.05538526513924,94.99766714802811,,
UNP|2026-07-09,-51.0,95.14886308063944,95.75514907739785,,
UNP|2026-07-09,-50.0,95.22322890182126,95.87315549714543,,
UNP|2026-07-09,-49.0,94.8089159036186,95.40393576598134,,
UNP|2026-07-09,-48.0,93.76075539858276,95.3658531810639,,
UNP|2026-07-09,-47.0,95.42506812521874,96.34223166818818,,
UNP|2026-07-09,-46.0,94.3060830285812,96.62435340847618,,
UNP|2026-07-09,-45.0,93.27562867144582,96.23184698579212,,
UNP|2026-07-09,-44.0,93.48809158358355,97.01325125174638,,
UNP|2026-07-09,-43.0,94.9824361530428,98.42851260621002,,
UNP|2026-07-09,-42.0,93.79970892396372,98.05417958979652,,
UNP|2026-07-09,-41.0,93.71471941404164,98.880355037231,,
UNP|2026-07-09,-40.0,93.2543812939653,99.06624581799578,,
UNP|2026-07-09,-39.0,94.0511253614824,98.90748137470564,,
UNP|2026-07-09,-38.0,93.71471941404164,99.48601561281576,,
UNP|2026-07-09,-37.0,95.37549091109754,100.24764120932436,,
UNP|2026-07-09,-36.0,95.8074991945332,99.0082475289714,,
UNP|2026-07-09,-35.0,97.42577593662809,98.93541034376776,,
UNP|2026-07-09,-34.0,96.1616112898744,98.27468793618624,,
UNP|2026-07-09,-33.0,94.12193909041672,99.33527095994086,,
UNP|2026-07-09,-32.0,93.99446568820105,99.50566377306016,,
UNP|2026-07-09,-31.0,94.15027978972483,99.876518719261,,
UNP|2026-07-09,-30.0,95.99872559185786,100.48659050584716,,
UNP|2026-07-09,-29.0,98.93428542440768,100.50315864894264,,
UNP|2026-07-09,-28.0,94.54687577735965,101.08142534319026,,
UNP|2026-07-09,-27.0,93.48615802878216,101.3010005487912,,
UNP|2026-07-09,-26.0,93.79226799677856,101.56694567358736,,
UNP|2026-07-09,-25.0,94.21228389537862,101.69817920087912,,
UNP|2026-07-09,-24.0,93.30462113079932,100.9484560435222,,
UNP|2026-07-09,-23.0,93.9346449786994,101.3577981531643,,
UNP|2026-07-09,-22.0,96.93173095953634,98.67735450018566,,
UNP|2026-07-09,-21.0,95.63252334767422,98.97122859404396,,
UNP|2026-07-09,-20.0,96.56154211640823,98.71623971669062,,
UNP|2026-07-09,-19.0,95.04876360033116,97.11709089770102,,
UNP|2026-07-09,-18.0,95.4936984580009,98.8184740994702,,
UNP|2026-07-09,-17.0,97.06699289429471,99.31508771197142,,
UNP|2026-07-09,-16.0,95.15199152885744,100.9566063431387,,
UNP|2026-07-09,-15.0,95.19826649208188,100.3827508598925,,
UNP|2026-07-09,-14.0,91.85234767227158,99.16327288364648,,
UNP|2026-07-09,-13.0,91.43589472858648,100.23881878732156,,
UNP|2026-07-09,-12.0,92.5144163890712,99.86742875339569,,
UNP|2026-07-09,-11.0,92.05167761949424,98.43305432641264,,
UNP|2026-07-09,-10.0,92.532209438311,98.33630133008452,,
UNP|2026-07-09,-9.0,95.2979314656932,98.32654576729296,,
UNP|2026-07-09,-8.0,95.5186174170706,98.28016932263766,,
UNP|2026-07-09,-7.0,97.06699289429471,99.4349669387566,,
UNP|2026-07-09,-6.0,96.81782502893272,100.2225116626285,,
UNP|2026-07-09,-5.0,98.857410327051,100.00694961496524,,
UNP|2026-07-09,-4.0,100.46629086182448,100.00708664962652,,
UNP|2026-07-09,-3.0,100.58731183959055,100.73128873268386,,
UNP|2026-07-09,-2.0,100.77596378473584,100.28251979335172,,
UNP|2026-07-09,-1.0,100.0,100.0,100.0,100.0
UNP|2026-07-09,0.0,101.4593885056902,100.81427953374282,97.1851084211826,103.50627473171684
UNP|2026-07-09,1.0,102.14280236397713,101.23859104876544,96.08645496307344,105.04556139625689
UNP|2026-07-09,2.0,102.91521405646544,100.43607039405296,94.91848725934564,105.87250243929432
UNP|2026-07-09,3.0,102.619771227879,100.81360741135651,94.26416288332634,106.9387166558365
ETN|2026-07-10,-63.0,98.39993075773879,90.46905780978194,,
ETN|2026-07-10,-62.0,99.02899910717488,90.3660568793236,,
ETN|2026-07-10,-61.0,99.11746196131112,91.28537562199118,,
ETN|2026-07-10,-60.0,98.75870011942185,92.36097900400502,,
ETN|2026-07-10,-59.0,97.07790589083352,93.09763016303249,,
ETN|2026-07-10,-58.0,96.50536383131087,93.34061086613536,,
ETN|2026-07-10,-57.0,99.81778787669371,94.46447510012541,,
ETN|2026-07-10,-56.0,100.15199007206745,94.24018123710506,,
ETN|2026-07-10,-55.0,100.6753902791776,93.64192402605283,,
ETN|2026-07-10,-54.0,101.70008249965765,94.62142643310814,,
ETN|2026-07-10,-53.0,104.31218814945169,94.23036854241677,,
ETN|2026-07-10,-52.0,104.16966549776485,94.98173227072293,,
ETN|2026-07-10,-51.0,102.41269575809184,95.09878554957724,,
ETN|2026-07-10,-50.0,101.50350005042021,94.63335571827339,,
ETN|2026-07-10,-49.0,100.93831986901722,94.5955807273757,,
ETN|2026-07-10,-48.0,106.40334504491085,95.56407298029855,,
ETN|2026-07-10,-47.0,104.57019979415317,95.84391601602007,,
ETN|2026-07-10,-46.0,103.80598571073745,95.45457987782677,,
ETN|2026-07-10,-45.0,100.96042806275749,96.2296727213884,,
ETN|2026-07-10,-44.0,103.54797406603598,97.63350297342126,,
ETN|2026-07-10,-43.0,98.08294137034855,97.26219345442777,,
ETN|2026-07-10,-42.0,98.93552055058126,98.08169586148307,,
ETN|2026-07-10,-41.0,103.24520460870114,98.26608519762127,,
ETN|2026-07-10,-40.0,98.94044601551319,98.10860309883086,,
ETN|2026-07-10,-39.0,100.27351745949484,98.68246450099114,,
ETN|2026-07-10,-38.0,100.55935234121635,99.43793842792992,,
ETN|2026-07-10,-37.0,98.42545293785938,98.20855536227194,,
ETN|2026-07-10,-36.0,94.09605198042416,98.13630648489017,,
ETN|2026-07-10,-35.0,91.63443244393974,97.48092074922124,,
ETN|2026-07-10,-34.0,93.55888303088598,98.53293741656216,,
ETN|2026-07-10,-33.0,94.00734849288669,98.70195396253894,,
ETN|2026-07-10,-32.0,96.43200824289715,99.06981350378251,,
ETN|2026-07-10,-31.0,99.33470128408752,99.67495772482705,,
ETN|2026-07-10,-30.0,100.13306275110001,99.69139204660382,,
ETN|2026-07-10,-29.0,99.04147444507119,100.26498806586027,,
ETN|2026-07-10,-28.0,98.71128781958089,100.48278975686719,,
ETN|2026-07-10,-27.0,98.5831505334128,100.74658683603705,,
ETN|2026-07-10,-26.0,102.90515953355322,100.87676038674704,,
ETN|2026-07-10,-25.0,103.78976551553411,100.13309276265221,,
ETN|2026-07-10,-24.0,103.14910164407507,100.53912860552612,,
ETN|2026-07-10,-23.0,97.56302282776282,97.88033496500668,,
ETN|2026-07-10,-22.0,99.33716777645036,98.17183543023586,,
ETN|2026-07-10,-21.0,98.98726425164479,97.91890610461587,,
ETN|2026-07-10,-20.0,92.51657193355781,96.33267365184676,,
ETN|2026-07-10,-19.0,96.99628604904544,98.0203147376512,,
ETN|2026-07-10,-18.0,96.44186669255481,98.51291718920669,,
ETN|2026-07-10,-17.0,100.30308528867397,100.14117723208868,,
ETN|2026-07-10,-16.0,100.4632493765903,99.5719567943687,,
ETN|2026-07-10,-15.0,100.93882369520111,98.36232857316234,,
ETN|2026-07-10,-14.0,103.92775373156607,99.42918726485699,,
ETN|2026-07-10,-13.0,107.37994066431513,99.06079695780574,,
ETN|2026-07-10,-12.0,99.86447827633091,97.63800801003278,,
ETN|2026-07-10,-11.0,99.69445573875694,97.54203649014927,,
ETN|2026-07-10,-10.0,103.45957889004384,97.53235972328977,,
ETN|2026-07-10,-9.0,99.22381440487187,97.48635786237307,,
ETN|2026-07-10,-8.0,100.59877862005318,98.63182814838788,,
ETN|2026-07-10,-7.0,104.9996326580734,99.4130118532303,,
ETN|2026-07-10,-6.0,101.59673045381881,99.19919090578098,,
ETN|2026-07-10,-5.0,98.19875371449614,99.19932683360977,,
ETN|2026-07-10,-4.0,101.87024791331363,99.91767951777985,,
ETN|2026-07-10,-3.0,97.49895418467878,99.47253529673532,,
ETN|2026-07-10,-2.0,98.45502076703852,99.19229742303492,,
ETN|2026-07-10,-1.0,100.0,100.0,100.0,100.0
ETN|2026-07-10,0.0,100.35729548210037,100.4208843399814,96.7710651717859,104.84627943857649
ETN|2026-07-10,1.0,99.26570717607154,99.62484566527772,94.02452047689404,105.31561135916424
ETN|2026-07-10,2.0,102.38769996353652,99.99933330636352,93.43916233923046,107.36976164284103
ETN|2026-07-10,3.0,100.9659250320174,100.21448116833204,92.80505994651658,108.96795864485296
PSX|2026-07-10,-63.0,84.24246730960115,90.46905780978194,,
PSX|2026-07-10,-62.0,83.29057357031856,90.3660568793236,,
PSX|2026-07-10,-61.0,83.89204250402973,91.28537562199118,,
PSX|2026-07-10,-60.0,83.03429634171712,92.36097900400502,,
PSX|2026-07-10,-59.0,84.43598752544605,93.09763016303249,,
PSX|2026-07-10,-58.0,85.42448885229024,93.34061086613536,,
PSX|2026-07-10,-57.0,81.7842846858098,94.46447510012541,,
PSX|2026-07-10,-56.0,81.46000930543332,94.24018123710506,,
PSX|2026-07-10,-55.0,83.35857172209359,93.64192402605283,,
PSX|2026-07-10,-54.0,84.0227976685613,94.62142643310814,,
PSX|2026-07-10,-53.0,83.43701999767846,94.23036854241677,,
PSX|2026-07-10,-52.0,85.1734447241505,94.98173227072293,,
PSX|2026-07-10,-51.0,85.82721250825158,95.09878554957724,,
PSX|2026-07-10,-50.0,86.3659244292062,94.63335571827339,,
PSX|2026-07-10,-49.0,90.73835269392939,94.5955807273757,,
PSX|2026-07-10,-48.0,93.69862357400022,95.56407298029855,,
PSX|2026-07-10,-47.0,92.15049400146816,95.84391601602007,,
PSX|2026-07-10,-46.0,93.34297370652386,95.45457987782677,,
PSX|2026-07-10,-45.0,94.27917618297813,96.2296727213884,,
PSX|2026-07-10,-44.0,89.81260837984173,97.63350297342126,,
PSX|2026-07-10,-43.0,88.0291179034415,97.26219345442777,,
PSX|2026-07-10,-42.0,89.72891896523839,98.08169586148307,,
PSX|2026-07-10,-41.0,91.71638781985015,98.26608519762127,,
PSX|2026-07-10,-40.0,91.75299540741175,98.10860309883086,,
PSX|2026-07-10,-39.0,89.86491526878844,98.68246450099114,,
PSX|2026-07-10,-38.0,89.70276954004342,99.43793842792992,,
PSX|2026-07-10,-37.0,92.15572710192987,98.20855536227194,,
PSX|2026-07-10,-36.0,94.72131288281616,98.13630648489017,,
PSX|2026-07-10,-35.0,96.08049617830933,97.48092074922124,,
PSX|2026-07-10,-34.0,94.47897451166571,98.53293741656216,,
PSX|2026-07-10,-33.0,91.69212745549774,98.70195396253894,,
PSX|2026-07-10,-32.0,93.60973321316227,99.06981350378251,,
PSX|2026-07-10,-31.0,91.60256989444731,99.67495772482705,,
PSX|2026-07-10,-30.0,91.99768103714102,99.69139204660382,,
PSX|2026-07-10,-29.0,93.09345690417172,100.26498806586027,,
PSX|2026-07-10,-28.0,92.65619960829721,100.48278975686719,,
PSX|2026-07-10,-27.0,94.95311270603224,100.74658683603705,,
PSX|2026-07-10,-26.0,96.17531899404857,100.87676038674704,,
PSX|2026-07-10,-25.0,97.29216391839128,100.13309276265221,,
PSX|2026-07-10,-24.0,97.00768743261679,100.53912860552612,,
PSX|2026-07-10,-23.0,96.44926497044544,97.88033496500668,,
PSX|2026-07-10,-22.0,96.6283800925463,98.17183543023586,,
PSX|2026-07-10,-21.0,94.29985938956486,97.91890610461587,,
PSX|2026-07-10,-20.0,95.73279644348524,96.33267365184676,,
PSX|2026-07-10,-19.0,93.82572923375511,98.0203147376512,,
PSX|2026-07-10,-18.0,94.53692446746973,98.51291718920669,,
PSX|2026-07-10,-17.0,91.27593921693524,100.14117723208868,,
PSX|2026-07-10,-16.0,90.61215539109025,99.5719567943687,,
PSX|2026-07-10,-15.0,88.06763866751596,98.36232857316234,,
PSX|2026-07-10,-14.0,87.52502000796781,99.42918726485699,,
PSX|2026-07-10,-13.0,88.72089198398334,99.06079695780574,,
PSX|2026-07-10,-12.0,89.73764079934122,97.63800801003278,,
PSX|2026-07-10,-11.0,88.84205715028017,97.54203649014927,,
PSX|2026-07-10,-10.0,90.48571693154783,97.53235972328977,,
PSX|2026-07-10,-9.0,90.42776697574382,97.48635786237307,,
PSX|2026-07-10,-8.0,91.69212745549774,98.63182814838788,,
PSX|2026-07-10,-7.0,89.05805317087302,99.4130118532303,,
PSX|2026-07-10,-6.0,91.92919253340261,99.19919090578098,,
PSX|2026-07-10,-5.0,92.94067609407169,99.19932683360977,,
PSX|2026-07-10,-4.0,93.42007954312702,99.91767951777985,,
PSX|2026-07-10,-3.0,94.21556708320324,99.47253529673532,,
PSX|2026-07-10,-2.0,98.9410969929045,99.19229742303492,,
PSX|2026-07-10,-1.0,100.0,100.0,100.0,100.0
PSX|2026-07-10,0.0,99.23084677192462,100.4208843399814,96.01989922950422,104.14899326922038
PSX|2026-07-10,1.0,104.46211444268204,99.62484566527772,94.95311919493544,106.52456171745779
PSX|2026-07-10,2.0,106.1268513198185,99.99933330636352,93.75166155929568,107.93868551276832
PSX|2026-07-10,3.0,104.94415453836015,100.21448116833204,92.82197152502734,109.23338244015294
